-- ************
-- Images
-- No Blob nor base 64 in order to keep the script small
-- ************
INSERT INTO ltimage (id, image_path, is_default) VALUES (1,'img/2default.png',true);
INSERT INTO ltimage (id, image_path, is_default) VALUES (2,'img/1default.png',true);
INSERT INTO ltimage (id, image_path, is_default) VALUES (3,'img/0default.png',true);
INSERT INTO ltimage (id, image_path, is_default) VALUES (4,'img/ingredient/default.png',true);
INSERT INTO ltimage (id, image_path, is_default) VALUES (5,'img/ingredient/Avocat.png',false);
INSERT INTO ltimage (id, image_path, is_default) VALUES (6,'img/ingredient/Boîte de thon au naturel.png',false);
INSERT INTO ltimage (id, image_path, is_default) VALUES (7,'img/ingredient/Mayonnaise.png',false);
INSERT INTO ltimage (id, image_path, is_default) VALUES (8,'img/ingredient/Sel.png',false);
INSERT INTO ltimage (id, image_path, is_default) VALUES (9,'img/ingredient/Poivre.png',false);
INSERT INTO ltimage (id, image_path, is_default) VALUES (10,'img/ingredient/Pommes de terre.png',false);
INSERT INTO ltimage (id, image_path, is_default) VALUES (11,'img/ingredient/Lait.png',false);
INSERT INTO ltimage (id, image_path, is_default) VALUES (12,'img/ingredient/Lait de coco.png',false);
INSERT INTO ltimage (id, image_path, is_default) VALUES (13,'img/ingredient/Farine.png',false);
INSERT INTO ltimage (id, image_path, is_default) VALUES (14,'img/ingredient/Oeuf.png',false);
INSERT INTO ltimage (id, image_path, is_default) VALUES (15,'img/ingredient/Fromage râpé.png',false);
INSERT INTO ltimage (id, image_path, is_default) VALUES (16,'img/ingredient/Citron vert.png',false);
INSERT INTO ltimage (id, image_path, is_default) VALUES (17,'img/ingredient/Orange.png',false);
INSERT INTO ltimage (id, image_path, is_default) VALUES (18,'img/ingredient/Poivron rouge.png',false);
INSERT INTO ltimage (id, image_path, is_default) VALUES (19,'img/ingredient/Carotte.png',false);
INSERT INTO ltimage (id, image_path, is_default) VALUES (20,'img/ingredient/Oignon.png',false);
INSERT INTO ltimage (id, image_path, is_default) VALUES (21,'img/ingredient/Sauce soja.png',false);
INSERT INTO ltimage (id, image_path, is_default) VALUES (22,'img/ingredient/Sauce thaï sucrée pimentée.png',false);
INSERT INTO ltimage (id, image_path, is_default) VALUES (23,'img/ingredient/Piment d''espelette.png',false);
INSERT INTO ltimage (id, image_path, is_default) VALUES (24,'img/ingredient/Noix de saint jacques.png',false);
INSERT INTO ltimage (id, image_path, is_default) VALUES (25,'img/ingredient/Huile d''olive.png',false);
INSERT INTO ltimage (id, image_path, is_default) VALUES (26,'img/ingredient/Miel.png',false);
INSERT INTO ltimage (id, image_path, is_default) VALUES (27,'img/ingredient/Poireau.png',false);
INSERT INTO ltimage (id, image_path, is_default) VALUES (28,'img/ingredient/Concombre.png',false);
INSERT INTO ltimage (id, image_path, is_default) VALUES (29,'img/ingredient/Raisin sec.png',false);
INSERT INTO ltimage (id, image_path, is_default) VALUES (30,'img/ingredient/Paprika.png',false);
INSERT INTO ltimage (id, image_path, is_default) VALUES (31,'img/ingredient/Curry.png',false);
INSERT INTO ltimage (id, image_path, is_default) VALUES (32,'img/ingredient/Cumin.png',false);
INSERT INTO ltimage (id, image_path, is_default) VALUES (33,'img/meal/default.png',true);
INSERT INTO ltimage (id, image_path, is_default) VALUES (34,'img/meal/Endives au jambon.png',false);
INSERT INTO ltimage (id, image_path, is_default) VALUES (35,'img/meal/Tomates farcies.png',false);
INSERT INTO ltimage (id, image_path, is_default) VALUES (36,'img/meal/Hachis parmentier.png',false);
INSERT INTO ltimage (id, image_path, is_default) VALUES (37,'img/meal/Filet mignon aux champignons.png',false);
INSERT INTO ltimage (id, image_path, is_default) VALUES (38,'img/meal/Soupes.png',false);
INSERT INTO ltimage (id, image_path, is_default) VALUES (39,'img/meal/Croque-monsieur.png',false);
INSERT INTO ltimage (id, image_path, is_default) VALUES (40,'img/meal/Pates carbonara.png',false);
INSERT INTO ltimage (id, image_path, is_default) VALUES (41,'img/meal/Pates bolognaise.png',false);
INSERT INTO ltimage (id, image_path, is_default) VALUES (42,'img/meal/Saumon grillé.png',false);
INSERT INTO ltimage (id, image_path, is_default) VALUES (43,'img/meal/Carry saucisse.png',false);
INSERT INTO ltimage (id, image_path, is_default) VALUES (44,'img/meal/Saucisses.png',false);
INSERT INTO ltimage (id, image_path, is_default) VALUES (45,'img/meal/Steak.png',false);
INSERT INTO ltimage (id, image_path, is_default) VALUES (46,'img/meal/Merlan.png',false);
INSERT INTO ltimage (id, image_path, is_default) VALUES (47,'img/meal/Cabillaud en papillote.png',false);
INSERT INTO ltimage (id, image_path, is_default) VALUES (48,'img/meal/Cordon bleu.png',false);
INSERT INTO ltimage (id, image_path, is_default) VALUES (49,'img/meal/Poulet roti.png',false);
INSERT INTO ltimage (id, image_path, is_default) VALUES (50,'img/meal/Curry de porc au lait de coco.png',false);
INSERT INTO ltimage (id, image_path, is_default) VALUES (51,'img/meal/Oeufs à la coque.png',false);
INSERT INTO ltimage (id, image_path, is_default) VALUES (52,'img/meal/Hamburger maison.png',false);
INSERT INTO ltimage (id, image_path, is_default) VALUES (53,'img/meal/Omelette.png',false);
INSERT INTO ltimage (id, image_path, is_default) VALUES (54,'img/meal/Quiche lorraine.png',false);
INSERT INTO ltimage (id, image_path, is_default) VALUES (55,'img/meal/Flamiche aux poireaux.png',false);
INSERT INTO ltimage (id, image_path, is_default) VALUES (56,'img/meal/Saint-jacques et fondue de poireaux.png',false);
INSERT INTO ltimage (id, image_path, is_default) VALUES (57,'img/meal/Côtes porc.png',false);
INSERT INTO ltimage (id, image_path, is_default) VALUES (58,'img/meal/Tranches de gigot poelées.png',false);
INSERT INTO ltimage (id, image_path, is_default) VALUES (59,'img/meal/Canard aux olives.png',false);
INSERT INTO ltimage (id, image_path, is_default) VALUES (60,'img/meal/Emincé de dinde à la crème.png',false);
INSERT INTO ltimage (id, image_path, is_default) VALUES (61,'img/meal/Soles meunières.png',false);
INSERT INTO ltimage (id, image_path, is_default) VALUES (62,'img/meal/Salade composée.png',false);
INSERT INTO ltimage (id, image_path, is_default) VALUES (63,'img/meal/Moussaka.png',false);
INSERT INTO ltimage (id, image_path, is_default) VALUES (64,'img/meal/Lasagnes à la bolognaise.png',false);
INSERT INTO ltimage (id, image_path, is_default) VALUES (65,'img/meal/Crêpes au jambon.png',false);
INSERT INTO ltimage (id, image_path, is_default) VALUES (66,'img/meal/Tartiflette.png',false);
INSERT INTO ltimage (id, image_path, is_default) VALUES (67,'img/meal/Pizza reine.png',false);
INSERT INTO ltimage (id, image_path, is_default) VALUES (68,'img/meal/Rôti de veau.png',false);
INSERT INTO ltimage (id, image_path, is_default) VALUES (69,'img/meal/Flan au caramel.png',false);
INSERT INTO ltimage (id, image_path, is_default) VALUES (70,'img/meal/Beignet au sucre.png',false);
INSERT INTO ltimage (id, image_path, is_default) VALUES (71,'img/meal/Crumble pommes.png',false);
INSERT INTO ltimage (id, image_path, is_default) VALUES (72,'img/meal/Coca cola 33cl.png',false);
INSERT INTO ltimage (id, image_path, is_default) VALUES (73,'img/meal/Eau 33cl.png',false);
INSERT INTO ltimage (id, image_path, is_default) VALUES (74,'img/meal/Ice Tea 33cl.png',false);
INSERT INTO ltimage (id, image_path, is_default) VALUES (75,'img/menu/default.png',true);

-- ************
-- Users
-- First one has the Lunch Lady role
-- ************
INSERT INTO ltuser (id,status,password,email,sex,name,firstname,wallet,registration_date,phone,address,postal_code,town,image_id) VALUES (1,0,'$2y$10$QJDX0QlgDVuEios9GLBFHuVbCEuEE1ar.A4xr/C/d30GcmvFCRwEO','toto@gmail.com',2,'Brunel','Louis',9.93,'2022-02-15 11:34:51','2278720210',NULL,NULL,NULL,1);
INSERT INTO ltuser (id,status,password,email,sex,name,firstname,wallet,registration_date,phone,address,postal_code,town,image_id) VALUES (2,0,'$2y$10$qgWIMY/dxZUWsfFX20lNzumM2R6G7WjdY8AiPwNaXS3O5Cs4bOnua','clara.marec@gmail.com',1,'Marechal','Clara',0.00,'2022-02-15 11:34:51',NULL,'5 RUE DU DR FLEMMING','28210','VILLEMEUX SUR EURE',2);
INSERT INTO ltuser (id,status,password,email,sex,name,firstname,wallet,registration_date,phone,address,postal_code,town,image_id) VALUES (3,0,'$2y$10$bRGV9A.qFsMl6mOox5sed.LRl6PCd8yH5lxUPHAuOuW.ZQCB.ddi6','antho.pelti@free.fr',0,'Peltier','Anthony',0.11,'2022-02-15 11:34:51','1586407888',NULL,NULL,NULL,3);
INSERT INTO ltuser (id,status,password,email,sex,name,firstname,wallet,registration_date,phone,address,postal_code,town,image_id) VALUES (4,0,'$2y$10$Q6DGozRSePrcjp9/fmTdPuLtejlyh9S/RvDcC1eSSOdYguyvzVx.y','flora.bonne@free.fr',1,'Bonnet','Flora',0.00,'2022-02-15 11:34:51','7523346497','20 RUE DE LOMME','51350','CORMONTREUIL',2);
INSERT INTO ltuser (id,status,password,email,sex,name,firstname,wallet,registration_date,phone,address,postal_code,town,image_id) VALUES (5,0,'$2y$10$j7/IOzvTr4ItDwTdYsRGW.o5VHaxIlzcwCefs3aZASyq44tJecPvm','evan.guill@gmail.com',2,'Guillot','Evan',0.36,'2022-02-15 11:34:52','7161826081',NULL,NULL,NULL,1);
INSERT INTO ltuser (id,status,password,email,sex,name,firstname,wallet,registration_date,phone,address,postal_code,town,image_id) VALUES (6,0,'$2y$10$BsYPhsMiENK9IKuJSraJ1OYso2/0gKXCEkewCNRKYFgh9SWHwfTWG','lea.pons@aol.com',2,'Pons','Lea',15.23,'2022-02-15 11:34:52','4612440423',NULL,NULL,NULL,1);
INSERT INTO ltuser (id,status,password,email,sex,name,firstname,wallet,registration_date,phone,address,postal_code,town,image_id) VALUES (7,0,'$2y$10$dfWnik5sBAW6O2T.cGiwT.72.Q9RX5AGcCB84WeoCXMwHq96DneCq','damie.barre@free.fr',0,'Barre','Damien',0.81,'2022-02-15 11:34:52',NULL,'13 ALLEE DU TREMBLOT','80510','COCQUEREL',3);
INSERT INTO ltuser (id,status,password,email,sex,name,firstname,wallet,registration_date,phone,address,postal_code,town,image_id) VALUES (8,0,'$2y$10$X.P6b2V8S5tTa682Tj.FVOzNnNPL9cuCePwblaWYoQ.3gqBOy5wDe','chiar.pasqu@free.fr',1,'Pasquier','Chiara',24.84,'2022-02-15 11:34:52',NULL,NULL,NULL,NULL,2);
INSERT INTO ltuser (id,status,password,email,sex,name,firstname,wallet,registration_date,phone,address,postal_code,town,image_id) VALUES (9,0,'$2y$10$1SHJn31zySiNxlKWe7Rf2OvYMZU4EQlq4GpMxtvfU6ovPS95QxboW','adrie.bazin@free.fr',2,'Bazin','Adrien',0.00,'2022-02-15 11:34:52',NULL,NULL,NULL,NULL,1);
INSERT INTO ltuser (id,status,password,email,sex,name,firstname,wallet,registration_date,phone,address,postal_code,town,image_id) VALUES (10,0,'$2y$10$1C1b/Cgdy1n.JgefZvk1/uw3NpEsCYqON3vT/8S08i8AYYP45erS.','alyss.lecom@orange.fr',1,'Lecomte','Alyssa',0.00,'2022-02-15 11:34:52','5743410927',NULL,NULL,NULL,2);
INSERT INTO ltuser (id,status,password,email,sex,name,firstname,wallet,registration_date,phone,address,postal_code,town,image_id) VALUES (11,0,'$2y$10$QCSQ0rDL9eFjBT75qUdmJeUu8ybLfOMB4LYFUA0IWIxY55XXZOcD6','celin.laroc@orange.fr',1,'Laroche','Celine',0.00,'2022-02-15 11:34:52',NULL,'3 SQUARE DU PUY MARY','72210','LA SUZE SUR SARTHE',2);
INSERT INTO ltuser (id,status,password,email,sex,name,firstname,wallet,registration_date,phone,address,postal_code,town,image_id) VALUES (12,0,'$2y$10$1O6OUnfUWi0/TszeqaSFTOL43C0PRH5EwxTEMWg3FlQK3sXOArokO','lou-a.rouss@gmail.com',1,'Rousseau','Lou-anne',0.00,'2022-02-15 11:34:52',NULL,NULL,NULL,NULL,2);
INSERT INTO ltuser (id,status,password,email,sex,name,firstname,wallet,registration_date,phone,address,postal_code,town,image_id) VALUES (13,0,'$2y$10$wLTGtTXedDvwvK4063TKgOuHYIgTlCo/Fp9RMCkwvKrbIjDSQ5CYy','alan.barre@stone.fr',2,'Barre','Alan',0.00,'2022-02-15 11:34:52','0418307480','3 RUE SAINT JUST','39100','PARCEY',1);
INSERT INTO ltuser (id,status,password,email,sex,name,firstname,wallet,registration_date,phone,address,postal_code,town,image_id) VALUES (14,0,'$2y$10$ndXt807LYWBA44T2ie.DoebfZ8PavYuAiYrv77F5DKLQmmuFYj2My','thiba.leveq@gmail.com',2,'Leveque','Thibaut',27.86,'2022-02-15 11:34:52',NULL,NULL,NULL,NULL,1);
INSERT INTO ltuser (id,status,password,email,sex,name,firstname,wallet,registration_date,phone,address,postal_code,town,image_id) VALUES (15,0,'$2y$10$R9aFkcolBz48ayVVNNH9B.GLJhvA29RwDfaiEjz4yC0C1PHQW7f36','hugo.pasqu@aol.com',2,'Pasquier','Hugo',0.00,'2022-02-15 11:34:52',NULL,'38 RUE DU REULET','80960','SAINT BLIMONT',1);
INSERT INTO ltuser (id,status,password,email,sex,name,firstname,wallet,registration_date,phone,address,postal_code,town,image_id) VALUES (16,0,'$2y$10$x3gWtWqRDHERiwFCUEYWAucnpnYSwOtIXV8p.roocG5hAZ1g.vg32','nassi.lapor@gmail.com',0,'Laporte','Nassim',25.20,'2022-02-15 11:34:52','8855607775',NULL,NULL,NULL,3);
INSERT INTO ltuser (id,status,password,email,sex,name,firstname,wallet,registration_date,phone,address,postal_code,town,image_id) VALUES (17,0,'$2y$10$XEnvZF08hNWKQFpSqTAieev3NL7qrEqVoWHY4ymyemwzoJ4QLVwtO','lauri.levy@aol.com',1,'Levy','Laurine',14.54,'2022-02-15 11:34:52',NULL,'21 RUE CHAMPLAIN','57000','METZ',2);
INSERT INTO ltuser (id,status,password,email,sex,name,firstname,wallet,registration_date,phone,address,postal_code,town,image_id) VALUES (18,0,'$2y$10$CuYme91JU.z7bzRVxz/hXOrZr1VPvMdkXE5PldBaYdez9NKLNyEGe','franc.le ro@orange.fr',2,'Le roux','Francois',17.85,'2022-02-15 11:34:52',NULL,'822 ROUTE DE LA BELLANDIERE','15310','GIRGOLS',1);
INSERT INTO ltuser (id,status,password,email,sex,name,firstname,wallet,registration_date,phone,address,postal_code,town,image_id) VALUES (19,0,'$2y$10$GaL9VFCxLmYmLt59XL6vF.mr4UYVAMlYEqh.YXy7lQpUMlL7tivmu','franc.auger@orange.fr',0,'Auger','Francois',31.19,'2022-02-15 11:34:53','1913312143',NULL,NULL,NULL,3);
INSERT INTO ltuser (id,status,password,email,sex,name,firstname,wallet,registration_date,phone,address,postal_code,town,image_id) VALUES (20,0,'$2y$10$AOjiAQF3H1LtOR4U03Sz4u2TEx.oqHwdJyTcGToeDVsvUQ1m2Oa.W','eleon.lemai@orange.fr',1,'Lemaitre','Eleonore',0.00,'2022-02-15 11:34:53','5943360505',NULL,NULL,NULL,2);
INSERT INTO ltuser (id,status,password,email,sex,name,firstname,wallet,registration_date,phone,address,postal_code,town,image_id) VALUES (21,0,'$2y$10$sM6CC0X8UZ5PoyJxAyEtWu7GMqWPd5Et9fzBmC6c2JX2pG9ieKV.a','jeann.morel@free.fr',2,'Morel','Jeanne',0.00,'2022-02-15 11:34:53',NULL,NULL,NULL,NULL,1);
INSERT INTO ltuser (id,status,password,email,sex,name,firstname,wallet,registration_date,phone,address,postal_code,town,image_id) VALUES (22,0,'$2y$10$C4PjAii72Td3szZV.h5yH.VNQOX12ojZmOMEeVdKplxNrwzyVryHi','esteb.valen@orange.fr',0,'Valentin','Esteban',1.79,'2022-02-15 11:34:53',NULL,NULL,NULL,NULL,3);
INSERT INTO ltuser (id,status,password,email,sex,name,firstname,wallet,registration_date,phone,address,postal_code,town,image_id) VALUES (23,0,'$2y$10$1GAJtdj/DCZzS4SaJNooyexsMmeZEmSp2YUsovY3PWE4DtKAJphFC','zoe.roy@free.fr',1,'Roy','Zoe',0.00,'2022-02-15 11:34:53',NULL,'174 RUE DE CONSTANTINE','49100','ANGERS',2);
INSERT INTO ltuser (id,status,password,email,sex,name,firstname,wallet,registration_date,phone,address,postal_code,town,image_id) VALUES (24,0,'$2y$10$eAj4Y6y2j/lohFMjjxtiT.A0Do0otmq5FQMoMPXF0fr6yw1Q3lSVS','perri.huber@free.fr',2,'Hubert','Perrine',0.00,'2022-02-15 11:34:53',NULL,'5 AVENUE DE LA HARDE','50240','MONTANEL',1);
INSERT INTO ltuser (id,status,password,email,sex,name,firstname,wallet,registration_date,phone,address,postal_code,town,image_id) VALUES (25,0,'$2y$10$owCLgRZpPxKhvEsS910xCuCzJMPgXCWFudEJd9OqKVB9oqNJGy1Hm','mael.bouvi@gmail.com',0,'Bouvier','Mael',0.00,'2022-02-15 11:34:53',NULL,'40 RUE DE MONTABUZARD','67650','DIEFFENTHAL',3);
INSERT INTO ltuser (id,status,password,email,sex,name,firstname,wallet,registration_date,phone,address,postal_code,town,image_id) VALUES (26,0,'$2y$10$zBuKN.LB5u0uxhyE4BfmNOquO6/lB6cv/4sSY.rgZGhgxGf4UooK2','marin.bodin@stone.fr',2,'Bodin','Marina',0.00,'2022-02-15 11:34:53','4048381880',NULL,NULL,NULL,1);
INSERT INTO ltuser (id,status,password,email,sex,name,firstname,wallet,registration_date,phone,address,postal_code,town,image_id) VALUES (27,0,'$2y$10$UQPvd5v46YdZRv6vYNnmmu50KusoB9ei/ujLXJJoTL9yrpuqP9Tyi','emeli.mulle@gmail.com',1,'Muller','Emeline',0.00,'2022-02-15 11:34:53',NULL,'22 AVENUE DU BEARN','29233','CLEDER',2);
INSERT INTO ltuser (id,status,password,email,sex,name,firstname,wallet,registration_date,phone,address,postal_code,town,image_id) VALUES (28,0,'$2y$10$swbwleHgHU5XQsZi.5.VGe/7RaRPBM9ZnwPkHeLxgRHewCvVZAtR6','gabri.dos s@gmail.com',0,'Dos santos','Gabriel',39.58,'2022-02-15 11:34:53','3084705557','12 RUE JULES VERNE','3490','DIOU',3);
INSERT INTO ltuser (id,status,password,email,sex,name,firstname,wallet,registration_date,phone,address,postal_code,town,image_id) VALUES (29,0,'$2y$10$/z6UR4Pq7DYIaaRmuRw42.TkA70JJ7Jdo/Sm4GS8toR8SfZPEMyuW','leila.bazin@gmail.com',2,'Bazin','Leila',31.74,'2022-02-15 11:34:53','1785684219',NULL,NULL,NULL,1);
INSERT INTO ltuser (id,status,password,email,sex,name,firstname,wallet,registration_date,phone,address,postal_code,town,image_id) VALUES (30,0,'$2y$10$MhsGEwZ17etaZM.BatufFeUzeLZR8ifXD9iUq6FF8d/xQzoas8O3C','lauri.lefor@gmail.com',1,'Lefort','Laurine',7.87,'2022-02-15 11:34:53','3831674817','92 PLACE ARISTIDE BRILLAND','14430','ST JOUIN',2);
INSERT INTO ltuser (id,status,password,email,sex,name,firstname,wallet,registration_date,phone,address,postal_code,town,image_id) VALUES (31,0,'$2y$10$qo9cnAnR2exHg.qPwNwCT.iBbl3uuC79is8ZI3al7/45EhAQTgrkm','andre.girau@gmail.com',1,'Giraud','Andrea',0.00,'2022-02-15 11:34:53',NULL,'13 R DES CERISIERS','13123','L ALBARON',2);
INSERT INTO ltuser (id,status,password,email,sex,name,firstname,wallet,registration_date,phone,address,postal_code,town,image_id) VALUES (32,0,'$2y$10$3xTftoilc3oxDlj7tNXCHO7kk1mINCvgL5/vH20TWuBn/SFoi.NrS','mariu.levy@stone.fr',0,'Levy','Marius',44.27,'2022-02-15 11:34:53','1459055002',NULL,NULL,NULL,3);
INSERT INTO ltuser (id,status,password,email,sex,name,firstname,wallet,registration_date,phone,address,postal_code,town,image_id) VALUES (33,0,'$2y$10$Zfl20EK6KtVJBafdvHEi6eEno74mawzJt3.BPXawThf0pv1fbofRu','noa.bourg@aol.com',0,'Bourgeois','Noa',0.00,'2022-02-15 11:34:54',NULL,'9 SQUARE DES TOURNESOLS','24570','CONDAT SUR VEZERE',3);
INSERT INTO ltuser (id,status,password,email,sex,name,firstname,wallet,registration_date,phone,address,postal_code,town,image_id) VALUES (34,0,'$2y$10$JmvskAGRqtR2mINf5Xrboe4CiXbV4Mn1QL1dSRDCCdnxEoo2yNrZW','lilou.dumon@gmail.com',1,'Dumont','Lilou',0.00,'2022-02-15 11:34:54',NULL,NULL,NULL,NULL,2);
INSERT INTO ltuser (id,status,password,email,sex,name,firstname,wallet,registration_date,phone,address,postal_code,town,image_id) VALUES (35,0,'$2y$10$1CH0ef92.tzZn0sB9z/7Ce4oeRnR3ejytSEPVpU/Xsx32e2mtSlDa','nina.guill@free.fr',1,'Guillot','Nina',11.54,'2022-02-15 11:34:54',NULL,'41 CHEMIN DE L ETANG','66660','PORT VENDRES',2);
INSERT INTO ltuser (id,status,password,email,sex,name,firstname,wallet,registration_date,phone,address,postal_code,town,image_id) VALUES (36,0,'$2y$10$iT617HbRzli3RPTR/wLRoO.E29LjthRMnwxtaVLkZFlPDU5W1fDNm','emeli.perez@gmail.com',1,'Perez','Emeline',0.00,'2022-02-15 11:34:54','0836296352','40 RUE DU VIADUC','90850','ESSERT',2);
INSERT INTO ltuser (id,status,password,email,sex,name,firstname,wallet,registration_date,phone,address,postal_code,town,image_id) VALUES (37,0,'$2y$10$OsZ3p9Tb6TfquW5GjmO3q.LnC2zPy55kDnLd9K26wQoEboyay0l/a','elea.ferna@gmail.com',1,'Fernandez','Elea',1.45,'2022-02-15 11:34:54','0011266008',NULL,NULL,NULL,2);
INSERT INTO ltuser (id,status,password,email,sex,name,firstname,wallet,registration_date,phone,address,postal_code,town,image_id) VALUES (38,0,'$2y$10$WiIzBWS3k8uHDi3Sau4Dq.OkufP/.X.PsaL/5GlBoQ87u89moJ6Ti','axel.maill@free.fr',0,'Maillard','Axel',0.00,'2022-02-15 11:34:54',NULL,NULL,NULL,NULL,3);
INSERT INTO ltuser (id,status,password,email,sex,name,firstname,wallet,registration_date,phone,address,postal_code,town,image_id) VALUES (39,0,'$2y$10$iSR1MlBaCLNthjkXm.ddrOAinCR09zDvw4NjJyMRuzrKhwxPFaioS','leoni.roste@free.fr',2,'Roster','Leonie',0.00,'2022-02-15 11:34:54',NULL,'47 RUE HENRI DECHAUD','25550','RAYNANS',1);
INSERT INTO ltuser (id,status,password,email,sex,name,firstname,wallet,registration_date,phone,address,postal_code,town,image_id) VALUES (40,0,'$2y$10$YRzKpov6poqC/w0yF7DXRueqpx2cTGaiKknCe1ZJNHlCEcEtKX2l2','noe.pelle@stone.fr',2,'Pelletier','Noe',26.08,'2022-02-15 11:34:54','1690498887',NULL,NULL,NULL,1);
INSERT INTO ltuser (id,status,password,email,sex,name,firstname,wallet,registration_date,phone,address,postal_code,town,image_id) VALUES (41,0,'$2y$10$FWULWHQ7sKlR4yuVBMbiAePZpyAvK0BGSD0JCVUGxNXzUiZYLf022','alexi.roche@aol.com',2,'Roche','Alexia',36.61,'2022-02-15 11:34:54',NULL,'126T AVENUE DE LA CALIFORNIE','50630','MORSALINES',1);
INSERT INTO ltuser (id,status,password,email,sex,name,firstname,wallet,registration_date,phone,address,postal_code,town,image_id) VALUES (42,0,'$2y$10$I9E5gmFilnqjMFWhMuA1zezONVxKcn6ArM61zOi22NCDtNYiK6weO','morga.march@gmail.com',0,'Marchand','Morgan',0.00,'2022-02-15 11:34:54',NULL,NULL,NULL,NULL,3);
INSERT INTO ltuser (id,status,password,email,sex,name,firstname,wallet,registration_date,phone,address,postal_code,town,image_id) VALUES (43,0,'$2y$10$43SI47Iv3i55QWzWTr6JB.IGcBREF914ya5h3ozZw.CgYNcBr4O8q','remi.duval@stone.fr',0,'Duval','Remi',0.00,'2022-02-15 11:34:54',NULL,NULL,NULL,NULL,3);
INSERT INTO ltuser (id,status,password,email,sex,name,firstname,wallet,registration_date,phone,address,postal_code,town,image_id) VALUES (44,0,'$2y$10$y1kG7KkZ9WSXsz431fLzueHJkOx0jKx1MXVxXTayoXRvZkl1VZCoi','ayoub.rouss@aol.com',0,'Roussel','Ayoub',62.92,'2022-02-15 11:34:54',NULL,'8 PARC DE DIANE','77185','LOGNES',3);
INSERT INTO ltuser (id,status,password,email,sex,name,firstname,wallet,registration_date,phone,address,postal_code,town,image_id) VALUES (45,0,'$2y$10$80v/Nkc5G5P/71DThDtjauMn4JOoLdOWJ44O09m0G2OgtcDAdpM.u','logan.pasqu@orange.fr',0,'Pasquier','Logan',0.00,'2022-02-15 11:34:54','7074953145','13 BOULEVARD DE L EUROPE','88300','NEUFCHATEAU',3);
INSERT INTO ltuser (id,status,password,email,sex,name,firstname,wallet,registration_date,phone,address,postal_code,town,image_id) VALUES (46,0,'$2y$10$XugDEDo4oulhxKHiAyt8JuBJufYVbTMmMnEZzE6VwedjjCOJFjf0K','marti.gonza@orange.fr',2,'Gonzalves','Martin',0.00,'2022-02-15 11:34:54',NULL,'11 RUE TIERGAERTEL','59126','LINSELLES',1);
INSERT INTO ltuser (id,status,password,email,sex,name,firstname,wallet,registration_date,phone,address,postal_code,town,image_id) VALUES (47,0,'$2y$10$LgeHxUVHOPdBWOfuMypZJ.pdZQPr60Uzj3ODzf7RPaaozqpQnm0YS','leane.navar@stone.fr',1,'Navarro','Leane',0.00,'2022-02-15 11:34:55','5849741357',NULL,NULL,NULL,2);
INSERT INTO ltuser (id,status,password,email,sex,name,firstname,wallet,registration_date,phone,address,postal_code,town,image_id) VALUES (48,0,'$2y$10$yf3ZPDk1HRvSxZxDLuJb5.hsb1eKm2azxgdFBguGf8J8Z7c1r1B8y','cassa.morea@stone.fr',2,'Moreau','Cassandra',0.00,'2022-02-15 11:34:55',NULL,'8 RUE DES ARCHERS','98774','PUKAPUKA',1);
INSERT INTO ltuser (id,status,password,email,sex,name,firstname,wallet,registration_date,phone,address,postal_code,town,image_id) VALUES (49,0,'$2y$10$H7Iv4Zj2mJsS24S18tSsDuqUlLaNqtu4y46Vr.3E.H.FJOrMiNlhu','anna.gomez@free.fr',1,'Gomez','Anna',0.00,'2022-02-15 11:34:55','1157878527',NULL,NULL,NULL,2);
INSERT INTO ltuser (id,status,password,email,sex,name,firstname,wallet,registration_date,phone,address,postal_code,town,image_id) VALUES (50,0,'$2y$10$8hPKY8SHjkwm3KKI0W8I0.pLJVYPVQg.c6JXnom8Ixr4uo3DL.vAm','evan.boyer@free.fr',0,'Boyer','Evan',0.00,'2022-02-15 11:34:55','3513741158','71 BOULEVARD DE STRASBOURG','60850','SAINT PIERRE ES CHAMPS',3);
INSERT INTO ltuser (id,status,password,email,sex,name,firstname,wallet,registration_date,phone,address,postal_code,town,image_id) VALUES (51,0,'$2y$10$R8ENlAOfQbxUHjwEwTw8fuHDrE1JTf9WI2rHD4PKqMu8OK6mtrvZy','elena.schne@free.fr',1,'Schneider','Elena',0.00,'2022-02-15 11:34:55',NULL,'256 RUE DE LA CROSA','81000','ALBI',2);
INSERT INTO ltuser (id,status,password,email,sex,name,firstname,wallet,registration_date,phone,address,postal_code,town,image_id) VALUES (52,0,'$2y$10$6YfftukEhcaJyVgiW.jsOuH7vYhs0OzqAE7LcujCM0zLayX1gL8Xa','orlan.ferre@aol.com',1,'Ferreira','Orlane',0.00,'2022-02-15 11:34:55','5057998248',NULL,NULL,NULL,2);
INSERT INTO ltuser (id,status,password,email,sex,name,firstname,wallet,registration_date,phone,address,postal_code,town,image_id) VALUES (53,0,'$2y$10$ThIgrTNXayO0DVobq0FkCO.NJ6B4saqEVJCmmpIHCscU/Mg1LjPc.','melis.gauti@stone.fr',2,'Gautier','Melissa',0.00,'2022-02-15 11:34:55','9461365678','91 AVENUE DE LA LIBERATION','44110','CHATEAUBRIANT',1);
INSERT INTO ltuser (id,status,password,email,sex,name,firstname,wallet,registration_date,phone,address,postal_code,town,image_id) VALUES (54,0,'$2y$10$MCKWALI.zYt4s1Qrahoj6.jwY3y.vcfGusDIjv5TDJumMCP2QPZfC','willi.bourg@stone.fr',2,'Bourgeois','William',0.92,'2022-02-15 11:34:55',NULL,'300 RUE DU QUESNAY','34880','LAVERUNE',1);
INSERT INTO ltuser (id,status,password,email,sex,name,firstname,wallet,registration_date,phone,address,postal_code,town,image_id) VALUES (55,0,'$2y$10$7l3qiSUV3i6q4yaY5cN/Au8A5UJ1O8krToI0jewv1Cjr3hN5Adeyu','margo.dumon@free.fr',2,'Dumont','Margot',30.98,'2022-02-15 11:34:55',NULL,NULL,NULL,NULL,1);
INSERT INTO ltuser (id,status,password,email,sex,name,firstname,wallet,registration_date,phone,address,postal_code,town,image_id) VALUES (56,0,'$2y$10$GsiwEugilOprkQ/G8QIeGe84PIzhM8mKw3L7YvhvL8B/9z/0II9jS','angel.aubry@stone.fr',2,'Aubry','Angele',0.00,'2022-02-15 11:34:55',NULL,NULL,NULL,NULL,1);
INSERT INTO ltuser (id,status,password,email,sex,name,firstname,wallet,registration_date,phone,address,postal_code,town,image_id) VALUES (57,0,'$2y$10$cBD9.9fA8CydrFWtihTR6OkcqoiUoBa0omIjOQYapOy7hbI4QHBl.','valen.lebru@gmail.com',0,'Lebrun','Valentin',5.74,'2022-02-15 11:34:55',NULL,NULL,NULL,NULL,3);
INSERT INTO ltuser (id,status,password,email,sex,name,firstname,wallet,registration_date,phone,address,postal_code,town,image_id) VALUES (58,0,'$2y$10$8i/pcr3WgSeswEidenyzc.dhYe.C1pzcr1nWATAeQahAgJazRgjQK','melin.gaudi@free.fr',2,'Gaudin','Melina',3.65,'2022-02-15 11:34:55',NULL,'11 RUE DES VIGNES','68127','STE CROIX EN PLAINE',1);
INSERT INTO ltuser (id,status,password,email,sex,name,firstname,wallet,registration_date,phone,address,postal_code,town,image_id) VALUES (59,0,'$2y$10$RBQ0vkx8yIo45FT0SS.Jw.VcGcsnmYJCG70DBwLTn2tAvCBVgmRFi','yacin.gonza@free.fr',2,'Gonzalez','Yacine',0.00,'2022-02-15 11:34:55','6685713079','3 RUE DES CHENEAUX','65140','BOUILH DEVANT',1);
INSERT INTO ltuser (id,status,password,email,sex,name,firstname,wallet,registration_date,phone,address,postal_code,town,image_id) VALUES (60,0,'$2y$10$EjjMoKnP4guLZ5P1TjJceuOIKo/rkW3ZRXMlmf8mWDMHXoqDEwnKy','melin.delat@gmail.com',2,'Delattre','Melina',19.70,'2022-02-15 11:34:55','7675053355',NULL,NULL,NULL,1);
INSERT INTO ltuser (id,status,password,email,sex,name,firstname,wallet,registration_date,phone,address,postal_code,town,image_id) VALUES (61,0,'$2y$10$QeSPHS/LNSX5EWPuDSHzVO6fCGebufLX.g6HIGU2ktJAslKo4dOpa','allan.march@free.fr',2,'Marchal','Allan',0.00,'2022-02-15 11:34:56',NULL,NULL,NULL,NULL,1);
INSERT INTO ltuser (id,status,password,email,sex,name,firstname,wallet,registration_date,phone,address,postal_code,town,image_id) VALUES (62,0,'$2y$10$Kjqg7nVWIrgA0e9ki0E1qO.ew2JgHwwKGMhW6dEiV3V.SLb52qSaS','allan.roux@orange.fr',0,'Roux','Allan',0.00,'2022-02-15 11:34:56',NULL,'75 ROUTE DE GENAS','60550','VERNEUIL EN HALATTE',3);
INSERT INTO ltuser (id,status,password,email,sex,name,firstname,wallet,registration_date,phone,address,postal_code,town,image_id) VALUES (63,0,'$2y$10$3.wP8c4AllWCUf8AU0uVgugMX49/SOgVLfTxRlspojqi1Xq7wcHsW','eliot.auger@orange.fr',2,'Auger','Eliott',72.65,'2022-02-15 11:34:56','2190941304','6 RUE DU CHAIL','22750','ST JACUT DE LA MER',1);
INSERT INTO ltuser (id,status,password,email,sex,name,firstname,wallet,registration_date,phone,address,postal_code,town,image_id) VALUES (64,0,'$2y$10$LGFxp77nbFTDiKsTUEEvTuGxOg7kGTKWmoH.XDEa52WzE6bzCRgLq','anton.allar@aol.com',2,'Allard','Antonin',17.55,'2022-02-15 11:34:56',NULL,NULL,NULL,NULL,1);
INSERT INTO ltuser (id,status,password,email,sex,name,firstname,wallet,registration_date,phone,address,postal_code,town,image_id) VALUES (65,0,'$2y$10$Cp5JH9.WXfUM5xP9ymBefuOfVxW2mbl.l.xAe2OBPbJUks7cdC7YK','maely.herna@orange.fr',2,'Hernandez','Maelys',34.99,'2022-02-15 11:34:56',NULL,'15 RUE ANDRE MALRAUX','22740','KERMOUSTER',1);
INSERT INTO ltuser (id,status,password,email,sex,name,firstname,wallet,registration_date,phone,address,postal_code,town,image_id) VALUES (66,0,'$2y$10$jDSX8KOKSMnoZbupRQFU/OEnPqA2teuESPL66Wb0OKAQJHXLepgVe','roman.morea@gmail.com',2,'Moreau','Romane',0.00,'2022-02-15 11:34:56',NULL,NULL,NULL,NULL,1);
INSERT INTO ltuser (id,status,password,email,sex,name,firstname,wallet,registration_date,phone,address,postal_code,town,image_id) VALUES (67,0,'$2y$10$zsbOk/8VabRBebdubVR68ugBpqOzQZ3bF292abjqN6q3C/ID0vOfS','alexa.baill@aol.com',2,'Bailly','Alexandre',0.00,'2022-02-15 11:34:56',NULL,'48A RUE WELSCHINGER','20276','ASCO',1);
INSERT INTO ltuser (id,status,password,email,sex,name,firstname,wallet,registration_date,phone,address,postal_code,town,image_id) VALUES (68,0,'$2y$10$E7cbfjtvYcxCFAqMirhsq.NqCiPeH54rHRm5qXgFcwXOLruxGQBG2','lea.cordi@aol.com',1,'Cordier','Lea',7.83,'2022-02-15 11:34:56','1290820370',NULL,NULL,NULL,2);
INSERT INTO ltuser (id,status,password,email,sex,name,firstname,wallet,registration_date,phone,address,postal_code,town,image_id) VALUES (69,0,'$2y$10$gVZA/3LVQyY.bSe.qy2cDOWMhGyoeX017PmBRKR9Q4jELXu0SZZpe','alice.langl@gmail.com',1,'Langlois','Alice',0.00,'2022-02-15 11:34:56',NULL,'14 RUE DES ABBAYES','54530','PAGNY SUR MOSELLE',2);
INSERT INTO ltuser (id,status,password,email,sex,name,firstname,wallet,registration_date,phone,address,postal_code,town,image_id) VALUES (70,0,'$2y$10$u.287SBBxmKulAlwcBjYeORTW0klTFuDlFV/J64Wam5jmEBodrI5m','louis.duran@aol.com',1,'Durand','Louise',42.27,'2022-02-15 11:34:56','0410154768',NULL,NULL,NULL,2);
INSERT INTO ltuser (id,status,password,email,sex,name,firstname,wallet,registration_date,phone,address,postal_code,town,image_id) VALUES (71,0,'$2y$10$SYwxLLOjrabMu2E71qwKKOhxu58LMe8yzzQgC5tUCS5CeQvuF/pfm','kylia.morin@stone.fr',0,'Morin','Kylian',0.00,'2022-02-15 11:34:56',NULL,NULL,NULL,NULL,3);
INSERT INTO ltuser (id,status,password,email,sex,name,firstname,wallet,registration_date,phone,address,postal_code,town,image_id) VALUES (72,0,'$2y$10$LFzdNpD47Nlo0C7isPPFBOVKjD4d8WIWvOedWh6OmAr.WaRPvTbBi','maell.verdi@gmail.com',1,'Verdier','Maelle',0.00,'2022-02-15 11:34:56','3870580847',NULL,NULL,NULL,2);
INSERT INTO ltuser (id,status,password,email,sex,name,firstname,wallet,registration_date,phone,address,postal_code,town,image_id) VALUES (73,0,'$2y$10$G.5FWS6.x5J8ljxsiUGPiOzlKSgyxmf0pVNRmWJmxHoQo4Sx0sFfW','olivi.fabre@gmail.com',2,'Fabre','Olivia',0.00,'2022-02-15 11:34:56','9010749208',NULL,NULL,NULL,1);
INSERT INTO ltuser (id,status,password,email,sex,name,firstname,wallet,registration_date,phone,address,postal_code,town,image_id) VALUES (74,0,'$2y$10$RLw.fefCRKl3nj6dr1BePO3UsZhVAhPr0OwOvCVIMMLhm.MFUcRLC','roman.vasse@stone.fr',2,'Vasseur','Romane',17.22,'2022-02-15 11:34:56','6480779830',NULL,NULL,NULL,1);
INSERT INTO ltuser (id,status,password,email,sex,name,firstname,wallet,registration_date,phone,address,postal_code,town,image_id) VALUES (75,0,'$2y$10$qzlxA76LFpUn2YsXtS0JS.jnquLs4fgG.GCbdkigqQ5Jqhr52Gry6','malo.chauv@stone.fr',0,'Chauvin','Malo',0.10,'2022-02-15 11:34:57','2113864166',NULL,NULL,NULL,3);
INSERT INTO ltuser (id,status,password,email,sex,name,firstname,wallet,registration_date,phone,address,postal_code,town,image_id) VALUES (76,0,'$2y$10$ZJmwmh8KRTwu2tIqTsOzRO28R/siUdCYEfIkfKXTmIWMcoyZGU2AG','elena.brune@aol.com',2,'Brunel','Elena',0.00,'2022-02-15 11:34:57','9103125280',NULL,NULL,NULL,1);
INSERT INTO ltuser (id,status,password,email,sex,name,firstname,wallet,registration_date,phone,address,postal_code,town,image_id) VALUES (77,0,'$2y$10$RkDzltzSr1AwcHYNOuj2G.hW0PjkujQNKa21Jhunbm9Lpgqzr4CTO','olivi.dupuy@aol.com',1,'Dupuy','Olivia',9.04,'2022-02-15 11:34:57','5108607927','8 RUE DE LA CROIX','69930','ST CLEMENT LES PLACES',2);
INSERT INTO ltuser (id,status,password,email,sex,name,firstname,wallet,registration_date,phone,address,postal_code,town,image_id) VALUES (78,0,'$2y$10$Rg3f/bVBavC5MsqP2tw2OuBc12UtqmQcXtOS0jy1T.4c7klBedpra','loren.joly@gmail.com',2,'Joly','Lorenzo',54.38,'2022-02-15 11:34:57',NULL,NULL,NULL,NULL,1);
INSERT INTO ltuser (id,status,password,email,sex,name,firstname,wallet,registration_date,phone,address,postal_code,town,image_id) VALUES (79,0,'$2y$10$fDRDFlKeGMJbfcTgwssTE.JKQSaBIVLth6pJ/TCJKE/NLuMCFhIsu','alexi.lemai@orange.fr',0,'Lemaire','Alexis',0.00,'2022-02-15 11:34:57','7648134872','60 AVENUE DE VERDUN','76210','LINTOT',3);
INSERT INTO ltuser (id,status,password,email,sex,name,firstname,wallet,registration_date,phone,address,postal_code,town,image_id) VALUES (80,0,'$2y$10$6EGieu22ep8Sqssw2z6IfOgxf6k8n0fR2ICP2VQkIxbSxb3LPHYxG','loris.desca@orange.fr',0,'Descamps','Loris',31.75,'2022-02-15 11:34:57','6125195194','1 ALLEE DES ROSES','22410','TREVENEUC',3);
INSERT INTO ltuser (id,status,password,email,sex,name,firstname,wallet,registration_date,phone,address,postal_code,town,image_id) VALUES (81,0,'$2y$10$AkPTMK6u5aFJINFoInMsnej1YQNmovGLbdoy/QSagkUKMpGRQJoD2','leila.verdi@stone.fr',1,'Verdier','Leila',19.41,'2022-02-15 11:34:57','3870572528',NULL,NULL,NULL,2);
INSERT INTO ltuser (id,status,password,email,sex,name,firstname,wallet,registration_date,phone,address,postal_code,town,image_id) VALUES (82,0,'$2y$10$aMF1VrkQ7NdQnfReL/ag7e.qSoni/vKDgvf04RUhe9RZ97mHV0Uhe','lilou.hamon@stone.fr',2,'Hamon','Lilou',40.44,'2022-02-15 11:34:57','6491106556','12B RUE DE LA VILLETTE','68920','WINTZENHEIM',1);
INSERT INTO ltuser (id,status,password,email,sex,name,firstname,wallet,registration_date,phone,address,postal_code,town,image_id) VALUES (83,0,'$2y$10$oURfz2CrG6T/4O2HC37VE.zjHUCFfpJRwgEgBw81iDiaUYyprUdaG','kylli.pelle@stone.fr',0,'Pelletier','Kyllian',0.00,'2022-02-15 11:34:57',NULL,'2 CHEMIN DE RAULECOURT','66330','CABESTANY',3);
INSERT INTO ltuser (id,status,password,email,sex,name,firstname,wallet,registration_date,phone,address,postal_code,town,image_id) VALUES (84,0,'$2y$10$tGby9ScFFIkg5AcUWyeXLexGloFhcSuvqX4SQGlZLpIJ.DuaPKXze','paul.weber@gmail.com',0,'Weber','Paul',71.43,'2022-02-15 11:34:57','2707141367','10 QUARTIER LE BAS DE LA SARA','62690','CAMBLAIN L ABBE',3);
INSERT INTO ltuser (id,status,password,email,sex,name,firstname,wallet,registration_date,phone,address,postal_code,town,image_id) VALUES (85,0,'$2y$10$jyereVPUUwjsaHAVay/gn.2i3GohNUCEmVHLqrKAaz9zWAazi8RiS','willi.rivie@stone.fr',2,'Riviere','William',0.38,'2022-02-15 11:34:57','3819271486','147 RUE FEUNTEUNIGOU','40420','BROCAS',1);
INSERT INTO ltuser (id,status,password,email,sex,name,firstname,wallet,registration_date,phone,address,postal_code,town,image_id) VALUES (86,0,'$2y$10$4S3YWzFeENoUbQr4FiwUR.jPsiftXm2rTIieT2Ps7cUdf0tfs0NZK','antho.bigot@stone.fr',2,'Bigot','Anthony',53.09,'2022-02-15 11:34:57','7150035371','58 AVE MARX DORMOY','37210','NOIZAY',1);
INSERT INTO ltuser (id,status,password,email,sex,name,firstname,wallet,registration_date,phone,address,postal_code,town,image_id) VALUES (87,0,'$2y$10$zhOy.U36mSavmR7nPr1fheG86xpBrFiQ2n8F5A9E040qpS1y2Bfl2','charl.petit@free.fr',2,'Petit','Charline',0.00,'2022-02-15 11:34:57','8895943244','8 LE CLOS DE LA FONTAINE','51160','HAUTVILLERS',1);
INSERT INTO ltuser (id,status,password,email,sex,name,firstname,wallet,registration_date,phone,address,postal_code,town,image_id) VALUES (88,0,'$2y$10$L/3IXcFkUX66SH3HK1q86uDhVJR7OM.0lqqfTBk6npfhBlmBhet2G','jules.guill@orange.fr',0,'Guillet','Jules',1.19,'2022-02-15 11:34:57','4090038356',NULL,NULL,NULL,3);
INSERT INTO ltuser (id,status,password,email,sex,name,firstname,wallet,registration_date,phone,address,postal_code,town,image_id) VALUES (89,0,'$2y$10$mq3FwUJ8s2IxWOBe/pueqOSUzgzMcOSB/B4PeakAH0AstdbePB2L6','elise.cousi@aol.com',1,'Cousin','Elise',0.00,'2022-02-15 11:34:57','9242195520','3 ALLEE JEANNE','80131','HARBONNIERES',2);
INSERT INTO ltuser (id,status,password,email,sex,name,firstname,wallet,registration_date,phone,address,postal_code,town,image_id) VALUES (90,0,'$2y$10$2S/ZCc7xzHlceO8Phg6mpeHHdQR54JNCeNb7UWIuoMJnWq.vIBtrm','olivi.ferra@aol.com',1,'Ferrand','Olivia',25.88,'2022-02-15 11:34:58',NULL,NULL,NULL,NULL,2);
INSERT INTO ltuser (id,status,password,email,sex,name,firstname,wallet,registration_date,phone,address,postal_code,town,image_id) VALUES (91,0,'$2y$10$1SFPRwI4nwUmQOPzSnYVdurr4C/rMfuCL0MjFVDGCWPSuISzWV3ni','perri.micha@gmail.com',1,'Michaud','Perrine',0.00,'2022-02-15 11:34:58','4647223217',NULL,NULL,NULL,2);
INSERT INTO ltuser (id,status,password,email,sex,name,firstname,wallet,registration_date,phone,address,postal_code,town,image_id) VALUES (92,0,'$2y$10$Frn4VsyZWAxxQ6xPZHptuO6YpshmRJCKAXyAgg4YZsIfrhhdNtiIq','augus.le ro@orange.fr',0,'Le roux','Augustin',0.00,'2022-02-15 11:34:58','3905811432',NULL,NULL,NULL,3);
INSERT INTO ltuser (id,status,password,email,sex,name,firstname,wallet,registration_date,phone,address,postal_code,town,image_id) VALUES (93,0,'$2y$10$ARRNQk42UiBzjGHFARSdCu0t7W81gUD3eXkIIGF2aAm804MvidbOi','clari.evrar@stone.fr',1,'Evrard','Clarisse',2.73,'2022-02-15 11:34:58','9709636512',NULL,NULL,NULL,2);
INSERT INTO ltuser (id,status,password,email,sex,name,firstname,wallet,registration_date,phone,address,postal_code,town,image_id) VALUES (94,0,'$2y$10$Dz1YaywwKyOM7To7D3QRyuGHho6MH0TQRnJXm5Hd0KJ2yxV3yEfJi','jules.legen@aol.com',0,'Legendre','Jules',0.00,'2022-02-15 11:34:58','4570534051','5 ALLEE DE LA TREILLE','59152','ANSTAING',3);
INSERT INTO ltuser (id,status,password,email,sex,name,firstname,wallet,registration_date,phone,address,postal_code,town,image_id) VALUES (95,0,'$2y$10$8IoC6plmZXdNfwxiDF9nJOVnD6Z1uQ5Tw5vq./ctVDeDwKTC85tcW','candi.le go@aol.com',1,'Le goff','Candice',0.00,'2022-02-15 11:34:58','8576662949','93 TRAVERSE DE FONTMERLE','85600','SAINT GEORGES DE MONTAIGU',2);
INSERT INTO ltuser (id,status,password,email,sex,name,firstname,wallet,registration_date,phone,address,postal_code,town,image_id) VALUES (96,0,'$2y$10$5BqCE.YqGK73R8J4UcHnGevUuBnDTpZHoBOFwRKtfok/YaYZu6uau','antho.lebre@aol.com',2,'Lebreton','Anthony',0.00,'2022-02-15 11:34:58',NULL,'1451 CHEMIN DES GAMOTS','71140','CHALMOUX',1);
INSERT INTO ltuser (id,status,password,email,sex,name,firstname,wallet,registration_date,phone,address,postal_code,town,image_id) VALUES (97,0,'$2y$10$mlFxUQsbXt3PnaHQPifxqerWbvsmO5GB5R8lOP1H9q0PJUMhlVllK','emili.allar@free.fr',1,'Allard','Emilie',0.00,'2022-02-15 11:34:58','2949207982','135 RUE DU MARECHAL FOCH','24340','STE CROIX DE MAREUIL',2);
INSERT INTO ltuser (id,status,password,email,sex,name,firstname,wallet,registration_date,phone,address,postal_code,town,image_id) VALUES (98,0,'$2y$10$QkaTf.ZDaUHA48mnmc.mdez0dOYlSshntrQ/a4EJbX36eZjyBVCyC','julia.chauv@gmail.com',1,'Chauvin','Julia',0.00,'2022-02-15 11:34:58',NULL,'76 RUE ALPHONSE GUERIN','47440','PAILLOLES',2);
INSERT INTO ltuser (id,status,password,email,sex,name,firstname,wallet,registration_date,phone,address,postal_code,town,image_id) VALUES (99,0,'$2y$10$90hrA9uqSCnSHlRyhrZIUO3LQi5GBrThDy8GWuufWRGTfGIfxK7QG','alex.brun@free.fr',0,'Brun','Alex',28.04,'2022-02-15 11:34:58','2907950342','6 RUE BOILEAU','90850','ESSERT',3);
INSERT INTO ltuser (id,status,password,email,sex,name,firstname,wallet,registration_date,phone,address,postal_code,town,image_id) VALUES (100,0,'$2y$10$2ZPrZnOK3J1JSfpIHNemKOUO5dKKs9g/3By/LfShN0LUY/Fhdx2Ka','aymer.ferna@free.fr',2,'Fernandes','Aymeric',0.85,'2022-02-15 11:34:58',NULL,NULL,NULL,NULL,1);

-- ************
-- Roles
-- First user has the Lunch Lady role (and user role)
-- ************
INSERT INTO ltrole (id, user_id, label, description) VALUES (1,1,'ROLE_LUNCHLADY', NULL);
INSERT INTO ltrole (id, user_id, label, description) VALUES (2,2,'ROLE_USER', NULL);
INSERT INTO ltrole (id, user_id, label, description) VALUES (3,3,'ROLE_USER', NULL);
INSERT INTO ltrole (id, user_id, label, description) VALUES (4,4,'ROLE_USER', NULL);
INSERT INTO ltrole (id, user_id, label, description) VALUES (5,5,'ROLE_USER', NULL);
INSERT INTO ltrole (id, user_id, label, description) VALUES (6,6,'ROLE_USER', NULL);
INSERT INTO ltrole (id, user_id, label, description) VALUES (7,7,'ROLE_USER', NULL);
INSERT INTO ltrole (id, user_id, label, description) VALUES (8,8,'ROLE_USER', NULL);
INSERT INTO ltrole (id, user_id, label, description) VALUES (9,9,'ROLE_USER', NULL);
INSERT INTO ltrole (id, user_id, label, description) VALUES (10,10,'ROLE_USER', NULL);
INSERT INTO ltrole (id, user_id, label, description) VALUES (11,11,'ROLE_USER', NULL);
INSERT INTO ltrole (id, user_id, label, description) VALUES (12,12,'ROLE_USER', NULL);
INSERT INTO ltrole (id, user_id, label, description) VALUES (13,13,'ROLE_USER', NULL);
INSERT INTO ltrole (id, user_id, label, description) VALUES (14,14,'ROLE_USER', NULL);
INSERT INTO ltrole (id, user_id, label, description) VALUES (15,15,'ROLE_USER', NULL);
INSERT INTO ltrole (id, user_id, label, description) VALUES (16,16,'ROLE_USER', NULL);
INSERT INTO ltrole (id, user_id, label, description) VALUES (17,17,'ROLE_USER', NULL);
INSERT INTO ltrole (id, user_id, label, description) VALUES (18,18,'ROLE_USER', NULL);
INSERT INTO ltrole (id, user_id, label, description) VALUES (19,19,'ROLE_USER', NULL);
INSERT INTO ltrole (id, user_id, label, description) VALUES (20,20,'ROLE_USER', NULL);
INSERT INTO ltrole (id, user_id, label, description) VALUES (21,21,'ROLE_USER', NULL);
INSERT INTO ltrole (id, user_id, label, description) VALUES (22,22,'ROLE_USER', NULL);
INSERT INTO ltrole (id, user_id, label, description) VALUES (23,23,'ROLE_USER', NULL);
INSERT INTO ltrole (id, user_id, label, description) VALUES (24,24,'ROLE_USER', NULL);
INSERT INTO ltrole (id, user_id, label, description) VALUES (25,25,'ROLE_USER', NULL);
INSERT INTO ltrole (id, user_id, label, description) VALUES (26,26,'ROLE_USER', NULL);
INSERT INTO ltrole (id, user_id, label, description) VALUES (27,27,'ROLE_USER', NULL);
INSERT INTO ltrole (id, user_id, label, description) VALUES (28,28,'ROLE_USER', NULL);
INSERT INTO ltrole (id, user_id, label, description) VALUES (29,29,'ROLE_USER', NULL);
INSERT INTO ltrole (id, user_id, label, description) VALUES (30,30,'ROLE_USER', NULL);
INSERT INTO ltrole (id, user_id, label, description) VALUES (31,31,'ROLE_USER', NULL);
INSERT INTO ltrole (id, user_id, label, description) VALUES (32,32,'ROLE_USER', NULL);
INSERT INTO ltrole (id, user_id, label, description) VALUES (33,33,'ROLE_USER', NULL);
INSERT INTO ltrole (id, user_id, label, description) VALUES (34,34,'ROLE_USER', NULL);
INSERT INTO ltrole (id, user_id, label, description) VALUES (35,35,'ROLE_USER', NULL);
INSERT INTO ltrole (id, user_id, label, description) VALUES (36,36,'ROLE_USER', NULL);
INSERT INTO ltrole (id, user_id, label, description) VALUES (37,37,'ROLE_USER', NULL);
INSERT INTO ltrole (id, user_id, label, description) VALUES (38,38,'ROLE_USER', NULL);
INSERT INTO ltrole (id, user_id, label, description) VALUES (39,39,'ROLE_USER', NULL);
INSERT INTO ltrole (id, user_id, label, description) VALUES (40,40,'ROLE_USER', NULL);
INSERT INTO ltrole (id, user_id, label, description) VALUES (41,41,'ROLE_USER', NULL);
INSERT INTO ltrole (id, user_id, label, description) VALUES (42,42,'ROLE_USER', NULL);
INSERT INTO ltrole (id, user_id, label, description) VALUES (43,43,'ROLE_USER', NULL);
INSERT INTO ltrole (id, user_id, label, description) VALUES (44,44,'ROLE_USER', NULL);
INSERT INTO ltrole (id, user_id, label, description) VALUES (45,45,'ROLE_USER', NULL);
INSERT INTO ltrole (id, user_id, label, description) VALUES (46,46,'ROLE_USER', NULL);
INSERT INTO ltrole (id, user_id, label, description) VALUES (47,47,'ROLE_USER', NULL);
INSERT INTO ltrole (id, user_id, label, description) VALUES (48,48,'ROLE_USER', NULL);
INSERT INTO ltrole (id, user_id, label, description) VALUES (49,49,'ROLE_USER', NULL);
INSERT INTO ltrole (id, user_id, label, description) VALUES (50,50,'ROLE_USER', NULL);
INSERT INTO ltrole (id, user_id, label, description) VALUES (51,51,'ROLE_USER', NULL);
INSERT INTO ltrole (id, user_id, label, description) VALUES (52,52,'ROLE_USER', NULL);
INSERT INTO ltrole (id, user_id, label, description) VALUES (53,53,'ROLE_USER', NULL);
INSERT INTO ltrole (id, user_id, label, description) VALUES (54,54,'ROLE_USER', NULL);
INSERT INTO ltrole (id, user_id, label, description) VALUES (55,55,'ROLE_USER', NULL);
INSERT INTO ltrole (id, user_id, label, description) VALUES (56,56,'ROLE_USER', NULL);
INSERT INTO ltrole (id, user_id, label, description) VALUES (57,57,'ROLE_USER', NULL);
INSERT INTO ltrole (id, user_id, label, description) VALUES (58,58,'ROLE_USER', NULL);
INSERT INTO ltrole (id, user_id, label, description) VALUES (59,59,'ROLE_USER', NULL);
INSERT INTO ltrole (id, user_id, label, description) VALUES (60,60,'ROLE_USER', NULL);
INSERT INTO ltrole (id, user_id, label, description) VALUES (61,61,'ROLE_USER', NULL);
INSERT INTO ltrole (id, user_id, label, description) VALUES (62,62,'ROLE_USER', NULL);
INSERT INTO ltrole (id, user_id, label, description) VALUES (63,63,'ROLE_USER', NULL);
INSERT INTO ltrole (id, user_id, label, description) VALUES (64,64,'ROLE_USER', NULL);
INSERT INTO ltrole (id, user_id, label, description) VALUES (65,65,'ROLE_USER', NULL);
INSERT INTO ltrole (id, user_id, label, description) VALUES (66,66,'ROLE_USER', NULL);
INSERT INTO ltrole (id, user_id, label, description) VALUES (67,67,'ROLE_USER', NULL);
INSERT INTO ltrole (id, user_id, label, description) VALUES (68,68,'ROLE_USER', NULL);
INSERT INTO ltrole (id, user_id, label, description) VALUES (69,69,'ROLE_USER', NULL);
INSERT INTO ltrole (id, user_id, label, description) VALUES (70,70,'ROLE_USER', NULL);
INSERT INTO ltrole (id, user_id, label, description) VALUES (71,71,'ROLE_USER', NULL);
INSERT INTO ltrole (id, user_id, label, description) VALUES (72,72,'ROLE_USER', NULL);
INSERT INTO ltrole (id, user_id, label, description) VALUES (73,73,'ROLE_USER', NULL);
INSERT INTO ltrole (id, user_id, label, description) VALUES (74,74,'ROLE_USER', NULL);
INSERT INTO ltrole (id, user_id, label, description) VALUES (75,75,'ROLE_USER', NULL);
INSERT INTO ltrole (id, user_id, label, description) VALUES (76,76,'ROLE_USER', NULL);
INSERT INTO ltrole (id, user_id, label, description) VALUES (77,77,'ROLE_USER', NULL);
INSERT INTO ltrole (id, user_id, label, description) VALUES (78,78,'ROLE_USER', NULL);
INSERT INTO ltrole (id, user_id, label, description) VALUES (79,79,'ROLE_USER', NULL);
INSERT INTO ltrole (id, user_id, label, description) VALUES (80,80,'ROLE_USER', NULL);
INSERT INTO ltrole (id, user_id, label, description) VALUES (81,81,'ROLE_USER', NULL);
INSERT INTO ltrole (id, user_id, label, description) VALUES (82,82,'ROLE_USER', NULL);
INSERT INTO ltrole (id, user_id, label, description) VALUES (83,83,'ROLE_USER', NULL);
INSERT INTO ltrole (id, user_id, label, description) VALUES (84,84,'ROLE_USER', NULL);
INSERT INTO ltrole (id, user_id, label, description) VALUES (85,85,'ROLE_USER', NULL);
INSERT INTO ltrole (id, user_id, label, description) VALUES (86,86,'ROLE_USER', NULL);
INSERT INTO ltrole (id, user_id, label, description) VALUES (87,87,'ROLE_USER', NULL);
INSERT INTO ltrole (id, user_id, label, description) VALUES (88,88,'ROLE_USER', NULL);
INSERT INTO ltrole (id, user_id, label, description) VALUES (89,89,'ROLE_USER', NULL);
INSERT INTO ltrole (id, user_id, label, description) VALUES (90,90,'ROLE_USER', NULL);
INSERT INTO ltrole (id, user_id, label, description) VALUES (91,91,'ROLE_USER', NULL);
INSERT INTO ltrole (id, user_id, label, description) VALUES (92,92,'ROLE_USER', NULL);
INSERT INTO ltrole (id, user_id, label, description) VALUES (93,93,'ROLE_USER', NULL);
INSERT INTO ltrole (id, user_id, label, description) VALUES (94,94,'ROLE_USER', NULL);
INSERT INTO ltrole (id, user_id, label, description) VALUES (95,95,'ROLE_USER', NULL);
INSERT INTO ltrole (id, user_id, label, description) VALUES (96,96,'ROLE_USER', NULL);
INSERT INTO ltrole (id, user_id, label, description) VALUES (97,97,'ROLE_USER', NULL);
INSERT INTO ltrole (id, user_id, label, description) VALUES (98,98,'ROLE_USER', NULL);
INSERT INTO ltrole (id, user_id, label, description) VALUES (99,99,'ROLE_USER', NULL);
INSERT INTO ltrole (id, user_id, label, description) VALUES (100,100,'ROLE_USER', NULL);
INSERT INTO ltrole (id, user_id, label, description) VALUES (101,1,'ROLE_USER', NULL);

-- ************
-- Constraint
-- ************
INSERT INTO ltconstraint (id, order_time_limit, maximum_order_per_day, rate_vat) VALUES (1,'10:30:00',500,20.00);

-- ************
-- Ingredient
-- ************
INSERT INTO ltingredient (id, status, label, description, image_id) VALUES (1,0,'Avocat',NULL,5);
INSERT INTO ltingredient (id, status, label, description, image_id) VALUES (2,0,'Boîte de thon au naturel',NULL,6);
INSERT INTO ltingredient (id, status, label, description, image_id) VALUES (3,0,'Mayonnaise',NULL,7);
INSERT INTO ltingredient (id, status, label, description, image_id) VALUES (4,0,'Sel',NULL,8);
INSERT INTO ltingredient (id, status, label, description, image_id) VALUES (5,0,'Poivre',NULL,9);
INSERT INTO ltingredient (id, status, label, description, image_id) VALUES (6,0,'Pommes de terre',NULL,10);
INSERT INTO ltingredient (id, status, label, description, image_id) VALUES (7,0,'Lait',NULL,11);
INSERT INTO ltingredient (id, status, label, description, image_id) VALUES (8,0,'Lait de coco',NULL,12);
INSERT INTO ltingredient (id, status, label, description, image_id) VALUES (9,0,'Farine',NULL,13);
INSERT INTO ltingredient (id, status, label, description, image_id) VALUES (10,0,'Oeuf',NULL,14);
INSERT INTO ltingredient (id, status, label, description, image_id) VALUES (11,0,'Fromage râpé',NULL,15);
INSERT INTO ltingredient (id, status, label, description, image_id) VALUES (12,0,'Citron vert',NULL,16);
INSERT INTO ltingredient (id, status, label, description, image_id) VALUES (13,0,'Orange',NULL,17);
INSERT INTO ltingredient (id, status, label, description, image_id) VALUES (14,0,'Poivron rouge',NULL,18);
INSERT INTO ltingredient (id, status, label, description, image_id) VALUES (15,0,'Carotte',NULL,19);
INSERT INTO ltingredient (id, status, label, description, image_id) VALUES (16,0,'Oignon',NULL,20);
INSERT INTO ltingredient (id, status, label, description, image_id) VALUES (17,0,'Sauce soja',NULL,21);
INSERT INTO ltingredient (id, status, label, description, image_id) VALUES (18,0,'Sauce thaï sucrée pimentée',NULL,22);
INSERT INTO ltingredient (id, status, label, description, image_id) VALUES (19,0,'Piment d''espelette',NULL,23);
INSERT INTO ltingredient (id, status, label, description, image_id) VALUES (20,0,'Noix de saint jacques',NULL,24);
INSERT INTO ltingredient (id, status, label, description, image_id) VALUES (21,0,'Huile d''olive',NULL,25);
INSERT INTO ltingredient (id, status, label, description, image_id) VALUES (22,0,'Miel',NULL,26);
INSERT INTO ltingredient (id, status, label, description, image_id) VALUES (23,0,'Poireau',NULL,27);
INSERT INTO ltingredient (id, status, label, description, image_id) VALUES (24,0,'Concombre',NULL,28);
INSERT INTO ltingredient (id, status, label, description, image_id) VALUES (25,0,'Raisin sec',NULL,29);
INSERT INTO ltingredient (id, status, label, description, image_id) VALUES (26,0,'Paprika',NULL,30);
INSERT INTO ltingredient (id, status, label, description, image_id) VALUES (27,0,'Curry',NULL,31);
INSERT INTO ltingredient (id, status, label, description, image_id) VALUES (28,0,'Cumin',NULL,32);

-- ************
-- Meal
-- ************
INSERT INTO ltmeal (id,status,label,category,description,price_df,available_for_weeks_and_days,image_id) VALUES (1,0,'Endives au jambon',3,NULL,8.57,NULL,34);
INSERT INTO ltmeal (id,status,label,category,description,price_df,available_for_weeks_and_days,image_id) VALUES (2,0,'Tomates farcies',3,NULL,4.61,NULL,35);
INSERT INTO ltmeal (id,status,label,category,description,price_df,available_for_weeks_and_days,image_id) VALUES (3,0,'Hachis parmentier',3,NULL,10.13,NULL,36);
INSERT INTO ltmeal (id,status,label,category,description,price_df,available_for_weeks_and_days,image_id) VALUES (4,0,'Filet mignon aux champignons',3,NULL,0.74,NULL,37);
INSERT INTO ltmeal (id,status,label,category,description,price_df,available_for_weeks_and_days,image_id) VALUES (5,0,'Soupes',7,NULL,6.10,NULL,38);
INSERT INTO ltmeal (id,status,label,category,description,price_df,available_for_weeks_and_days,image_id) VALUES (6,0,'Croque-monsieur',3,NULL,8.34,'{"values":[{"week":47},{"week":48},{"week":42,"day":7},{"week":36},{"week":20},{"week":37},{"week":53},{"week":25,"day":1},{"week":24},{"week":12}]}',39);
INSERT INTO ltmeal (id,status,label,category,description,price_df,available_for_weeks_and_days,image_id) VALUES (7,0,'Pates carbonara',3,NULL,5.39,NULL,40);
INSERT INTO ltmeal (id,status,label,category,description,price_df,available_for_weeks_and_days,image_id) VALUES (8,0,'Pates bolognaise',3,NULL,8.31,'{"values":[{"week":16},{"week":48},{"week":17},{"week":7,"day":3},{"week":22,"day":1},{"week":45,"day":5},{"week":8},{"week":15,"day":6},{"week":43,"day":1},{"week":19,"day":5}]}',41);
INSERT INTO ltmeal (id,status,label,category,description,price_df,available_for_weeks_and_days,image_id) VALUES (9,0,'Saumon grillé',3,NULL,4.94,NULL,42);
INSERT INTO ltmeal (id,status,label,category,description,price_df,available_for_weeks_and_days,image_id) VALUES (10,0,'Carry saucisse',3,NULL,2.85,'{"values":[{"week":21,"day":6},{"week":34,"day":3},{"week":33},{"week":52},{"week":6},{"week":31,"day":6},{"week":11},{"week":2,"day":6},{"week":33,"day":3},{"week":34,"day":4}]}',43);
INSERT INTO ltmeal (id,status,label,category,description,price_df,available_for_weeks_and_days,image_id) VALUES (11,0,'Saucisses',1,NULL,0.65,'{"values":[{"week":34,"day":2},{"week":22,"day":5},{"week":36},{"week":5},{"week":45,"day":7},{"week":43,"day":3},{"week":41},{"week":49,"day":7},{"week":32,"day":4},{"week":20,"day":7}]}',44);
INSERT INTO ltmeal (id,status,label,category,description,price_df,available_for_weeks_and_days,image_id) VALUES (12,0,'Steak',3,NULL,14.92,'{"values":[{"week":1},{"week":34},{"week":38,"day":2},{"week":20},{"week":11,"day":5},{"week":46,"day":7},{"week":23},{"week":33,"day":3},{"week":17,"day":3}]}',45);
INSERT INTO ltmeal (id,status,label,category,description,price_df,available_for_weeks_and_days,image_id) VALUES (13,0,'Merlan',3,NULL,2.50,'{"values":[{"week":31},{"week":1},{"week":33},{"week":38,"day":4},{"week":4},{"week":6},{"week":42,"day":3},{"week":17,"day":4},{"week":30,"day":1},{"week":15,"day":1}]}',46);
INSERT INTO ltmeal (id,status,label,category,description,price_df,available_for_weeks_and_days,image_id) VALUES (14,0,'Cabillaud en papillote',3,NULL,6.13,'{"values":[{"week":2,"day":3},{"week":16},{"week":46,"day":7},{"week":9,"day":2},{"week":41},{"week":42},{"week":27},{"week":36,"day":7},{"week":47,"day":2},{"week":30}]}',47);
INSERT INTO ltmeal (id,status,label,category,description,price_df,available_for_weeks_and_days,image_id) VALUES (15,0,'Cordon bleu',3,NULL,10.97,'{"values":[{"week":47},{"week":49},{"week":33},{"week":18},{"week":21,"day":1},{"week":53},{"week":37},{"week":23},{"week":44}]}',48);
INSERT INTO ltmeal (id,status,label,category,description,price_df,available_for_weeks_and_days,image_id) VALUES (16,0,'Poulet roti',3,NULL,4.59,NULL,49);
INSERT INTO ltmeal (id,status,label,category,description,price_df,available_for_weeks_and_days,image_id) VALUES (17,0,'Curry de porc au lait de coco',3,NULL,4.90,NULL,50);
INSERT INTO ltmeal (id,status,label,category,description,price_df,available_for_weeks_and_days,image_id) VALUES (18,0,'Oeufs à la coque',2,NULL,12.34,'{"values":[{"week":51,"day":4},{"week":36,"day":1},{"week":35},{"week":9,"day":2},{"week":24},{"week":16,"day":6},{"week":31,"day":5},{"week":43},{"week":12},{"week":30}]}',51);
INSERT INTO ltmeal (id,status,label,category,description,price_df,available_for_weeks_and_days,image_id) VALUES (19,0,'Hamburger maison',3,NULL,4.74,NULL,52);
INSERT INTO ltmeal (id,status,label,category,description,price_df,available_for_weeks_and_days,image_id) VALUES (20,0,'Omelette',2,NULL,8.08,NULL,53);
INSERT INTO ltmeal (id,status,label,category,description,price_df,available_for_weeks_and_days,image_id) VALUES (21,0,'Quiche lorraine',2,NULL,7.71,NULL,54);
INSERT INTO ltmeal (id,status,label,category,description,price_df,available_for_weeks_and_days,image_id) VALUES (22,0,'Flamiche aux poireaux',1,NULL,3.32,'{"values":[{"week":5,"day":6},{"week":6,"day":7},{"week":15},{"week":31},{"week":50},{"week":15,"day":5},{"week":46,"day":3},{"week":30},{"week":46}]}',55);
INSERT INTO ltmeal (id,status,label,category,description,price_df,available_for_weeks_and_days,image_id) VALUES (23,0,'Saint-jacques et fondue de poireaux',3,NULL,2.42,'{"values":[{"week":31},{"week":35,"day":4},{"week":16,"day":1},{"week":4,"day":2},{"week":52,"day":1},{"week":4},{"week":37},{"week":43,"day":6},{"week":39},{"week":14}]}',56);
INSERT INTO ltmeal (id,status,label,category,description,price_df,available_for_weeks_and_days,image_id) VALUES (24,0,'Côtes porc',3,NULL,6.34,'{"values":[{"week":15},{"week":42,"day":5},{"week":7},{"week":42},{"week":17,"day":6},{"week":27},{"week":44},{"week":12},{"week":29}]}',57);
INSERT INTO ltmeal (id,status,label,category,description,price_df,available_for_weeks_and_days,image_id) VALUES (25,0,'Tranches de gigot poelées',3,NULL,6.73,'{"values":[{"week":34,"day":2},{"week":39,"day":7},{"week":7,"day":6},{"week":20,"day":3},{"week":38,"day":2},{"week":39,"day":2},{"week":53},{"week":38},{"week":1,"day":5},{"week":29}]}',58);
INSERT INTO ltmeal (id,status,label,category,description,price_df,available_for_weeks_and_days,image_id) VALUES (26,0,'Canard aux olives',3,NULL,4.78,NULL,59);
INSERT INTO ltmeal (id,status,label,category,description,price_df,available_for_weeks_and_days,image_id) VALUES (27,0,'Emincé de dinde à la crème',3,NULL,15.31,NULL,60);
INSERT INTO ltmeal (id,status,label,category,description,price_df,available_for_weeks_and_days,image_id) VALUES (28,0,'Soles meunières',3,NULL,13.17,'{"values":[{"week":22,"day":6},{"week":7,"day":7},{"week":9,"day":7},{"week":20},{"week":46,"day":7},{"week":45,"day":4},{"week":41},{"week":10},{"week":16,"day":6},{"week":50,"day":7}]}',61);
INSERT INTO ltmeal (id,status,label,category,description,price_df,available_for_weeks_and_days,image_id) VALUES (29,0,'Salade composée',2,NULL,14.05,'{"values":[{"week":48},{"week":11,"day":7},{"week":41,"day":5},{"week":20},{"week":21},{"week":6},{"week":24},{"week":10,"day":2},{"week":43},{"week":29}]}',62);
INSERT INTO ltmeal (id,status,label,category,description,price_df,available_for_weeks_and_days,image_id) VALUES (30,0,'Moussaka',1,NULL,3.48,'{"values":[{"week":52,"day":5},{"week":48},{"week":4},{"week":21},{"week":23,"day":2},{"week":46,"day":6},{"week":26,"day":1},{"week":17,"day":5},{"week":28},{"week":12}]}',63);
INSERT INTO ltmeal (id,status,label,category,description,price_df,available_for_weeks_and_days,image_id) VALUES (31,0,'Lasagnes à la bolognaise',3,NULL,14.45,NULL,64);
INSERT INTO ltmeal (id,status,label,category,description,price_df,available_for_weeks_and_days,image_id) VALUES (32,0,'Crêpes au jambon',3,NULL,11.27,'{"values":[{"week":16},{"week":48},{"week":19,"day":2},{"week":2},{"week":5},{"week":37},{"week":24},{"week":11},{"week":14},{"week":53,"day":7}]}',65);
INSERT INTO ltmeal (id,status,label,category,description,price_df,available_for_weeks_and_days,image_id) VALUES (33,0,'Tartiflette',3,NULL,3.64,NULL,66);
INSERT INTO ltmeal (id,status,label,category,description,price_df,available_for_weeks_and_days,image_id) VALUES (34,0,'Pizza reine',3,NULL,11.80,'{"values":[{"week":32},{"week":5},{"week":21},{"week":39},{"week":11},{"week":45,"day":1},{"week":14},{"week":30},{"week":34,"day":4},{"week":33,"day":3}]}',67);
INSERT INTO ltmeal (id,status,label,category,description,price_df,available_for_weeks_and_days,image_id) VALUES (35,0,'Rôti de veau',3,NULL,8.79,'{"values":[{"week":47},{"week":48},{"week":3},{"week":30,"day":7},{"week":24},{"week":25},{"week":42},{"week":43},{"week":29},{"week":14}]}',68);
INSERT INTO ltmeal (id,status,label,category,description,price_df,available_for_weeks_and_days,image_id) VALUES (36,0,'Flan au caramel',5,NULL,15.34,NULL,69);
INSERT INTO ltmeal (id,status,label,category,description,price_df,available_for_weeks_and_days,image_id) VALUES (37,0,'Beignet au sucre',5,NULL,8.25,'{"values":[{"week":53,"day":4},{"week":8,"day":5},{"week":39,"day":3},{"week":40,"day":2},{"week":23},{"week":26,"day":3},{"week":43,"day":3},{"week":42,"day":1},{"week":44}]}',70);
INSERT INTO ltmeal (id,status,label,category,description,price_df,available_for_weeks_and_days,image_id) VALUES (38,0,'Crumble pommes',5,NULL,8.14,NULL,71);
INSERT INTO ltmeal (id,status,label,category,description,price_df,available_for_weeks_and_days,image_id) VALUES (39,0,'Coca cola 33cl',9,NULL,2.23,NULL,72);
INSERT INTO ltmeal (id,status,label,category,description,price_df,available_for_weeks_and_days,image_id) VALUES (40,0,'Eau 33cl',9,NULL,10.46,'{"values":[{"week":6,"day":7},{"week":32},{"week":51},{"week":19},{"week":37},{"week":31,"day":7},{"week":8},{"week":46,"day":3},{"week":11},{"week":50,"day":6}]}',73);
INSERT INTO ltmeal (id,status,label,category,description,price_df,available_for_weeks_and_days,image_id) VALUES (41,0,'Ice Tea 33cl',9,NULL,7.00,NULL,74);

-- ************
-- Meal Has Ingredient
-- ************
INSERT INTO ltmeal_has_ingredient (meal_id,ingredient_id) VALUES (25,1);
INSERT INTO ltmeal_has_ingredient (meal_id,ingredient_id) VALUES (28,1);
INSERT INTO ltmeal_has_ingredient (meal_id,ingredient_id) VALUES (1,2);
INSERT INTO ltmeal_has_ingredient (meal_id,ingredient_id) VALUES (5,2);
INSERT INTO ltmeal_has_ingredient (meal_id,ingredient_id) VALUES (40,2);
INSERT INTO ltmeal_has_ingredient (meal_id,ingredient_id) VALUES (1,3);
INSERT INTO ltmeal_has_ingredient (meal_id,ingredient_id) VALUES (21,3);
INSERT INTO ltmeal_has_ingredient (meal_id,ingredient_id) VALUES (39,3);
INSERT INTO ltmeal_has_ingredient (meal_id,ingredient_id) VALUES (10,4);
INSERT INTO ltmeal_has_ingredient (meal_id,ingredient_id) VALUES (16,4);
INSERT INTO ltmeal_has_ingredient (meal_id,ingredient_id) VALUES (20,4);
INSERT INTO ltmeal_has_ingredient (meal_id,ingredient_id) VALUES (31,4);
INSERT INTO ltmeal_has_ingredient (meal_id,ingredient_id) VALUES (34,4);
INSERT INTO ltmeal_has_ingredient (meal_id,ingredient_id) VALUES (14,5);
INSERT INTO ltmeal_has_ingredient (meal_id,ingredient_id) VALUES (17,5);
INSERT INTO ltmeal_has_ingredient (meal_id,ingredient_id) VALUES (20,5);
INSERT INTO ltmeal_has_ingredient (meal_id,ingredient_id) VALUES (21,5);
INSERT INTO ltmeal_has_ingredient (meal_id,ingredient_id) VALUES (23,5);
INSERT INTO ltmeal_has_ingredient (meal_id,ingredient_id) VALUES (25,5);
INSERT INTO ltmeal_has_ingredient (meal_id,ingredient_id) VALUES (29,5);
INSERT INTO ltmeal_has_ingredient (meal_id,ingredient_id) VALUES (32,6);
INSERT INTO ltmeal_has_ingredient (meal_id,ingredient_id) VALUES (41,6);
INSERT INTO ltmeal_has_ingredient (meal_id,ingredient_id) VALUES (3,7);
INSERT INTO ltmeal_has_ingredient (meal_id,ingredient_id) VALUES (10,7);
INSERT INTO ltmeal_has_ingredient (meal_id,ingredient_id) VALUES (29,7);
INSERT INTO ltmeal_has_ingredient (meal_id,ingredient_id) VALUES (39,7);
INSERT INTO ltmeal_has_ingredient (meal_id,ingredient_id) VALUES (40,7);
INSERT INTO ltmeal_has_ingredient (meal_id,ingredient_id) VALUES (18,8);
INSERT INTO ltmeal_has_ingredient (meal_id,ingredient_id) VALUES (21,8);
INSERT INTO ltmeal_has_ingredient (meal_id,ingredient_id) VALUES (35,8);
INSERT INTO ltmeal_has_ingredient (meal_id,ingredient_id) VALUES (40,8);
INSERT INTO ltmeal_has_ingredient (meal_id,ingredient_id) VALUES (18,9);
INSERT INTO ltmeal_has_ingredient (meal_id,ingredient_id) VALUES (19,9);
INSERT INTO ltmeal_has_ingredient (meal_id,ingredient_id) VALUES (37,9);
INSERT INTO ltmeal_has_ingredient (meal_id,ingredient_id) VALUES (38,9);
INSERT INTO ltmeal_has_ingredient (meal_id,ingredient_id) VALUES (20,10);
INSERT INTO ltmeal_has_ingredient (meal_id,ingredient_id) VALUES (8,11);
INSERT INTO ltmeal_has_ingredient (meal_id,ingredient_id) VALUES (15,11);
INSERT INTO ltmeal_has_ingredient (meal_id,ingredient_id) VALUES (24,11);
INSERT INTO ltmeal_has_ingredient (meal_id,ingredient_id) VALUES (40,11);
INSERT INTO ltmeal_has_ingredient (meal_id,ingredient_id) VALUES (8,12);
INSERT INTO ltmeal_has_ingredient (meal_id,ingredient_id) VALUES (9,12);
INSERT INTO ltmeal_has_ingredient (meal_id,ingredient_id) VALUES (12,13);
INSERT INTO ltmeal_has_ingredient (meal_id,ingredient_id) VALUES (31,13);
INSERT INTO ltmeal_has_ingredient (meal_id,ingredient_id) VALUES (28,14);
INSERT INTO ltmeal_has_ingredient (meal_id,ingredient_id) VALUES (2,15);
INSERT INTO ltmeal_has_ingredient (meal_id,ingredient_id) VALUES (32,15);
INSERT INTO ltmeal_has_ingredient (meal_id,ingredient_id) VALUES (39,15);
INSERT INTO ltmeal_has_ingredient (meal_id,ingredient_id) VALUES (9,16);
INSERT INTO ltmeal_has_ingredient (meal_id,ingredient_id) VALUES (16,16);
INSERT INTO ltmeal_has_ingredient (meal_id,ingredient_id) VALUES (31,16);
INSERT INTO ltmeal_has_ingredient (meal_id,ingredient_id) VALUES (31,17);
INSERT INTO ltmeal_has_ingredient (meal_id,ingredient_id) VALUES (4,18);
INSERT INTO ltmeal_has_ingredient (meal_id,ingredient_id) VALUES (7,18);
INSERT INTO ltmeal_has_ingredient (meal_id,ingredient_id) VALUES (10,18);
INSERT INTO ltmeal_has_ingredient (meal_id,ingredient_id) VALUES (10,20);
INSERT INTO ltmeal_has_ingredient (meal_id,ingredient_id) VALUES (12,20);
INSERT INTO ltmeal_has_ingredient (meal_id,ingredient_id) VALUES (25,20);
INSERT INTO ltmeal_has_ingredient (meal_id,ingredient_id) VALUES (36,20);
INSERT INTO ltmeal_has_ingredient (meal_id,ingredient_id) VALUES (23,21);
INSERT INTO ltmeal_has_ingredient (meal_id,ingredient_id) VALUES (1,22);
INSERT INTO ltmeal_has_ingredient (meal_id,ingredient_id) VALUES (3,22);
INSERT INTO ltmeal_has_ingredient (meal_id,ingredient_id) VALUES (8,22);
INSERT INTO ltmeal_has_ingredient (meal_id,ingredient_id) VALUES (12,22);
INSERT INTO ltmeal_has_ingredient (meal_id,ingredient_id) VALUES (21,22);
INSERT INTO ltmeal_has_ingredient (meal_id,ingredient_id) VALUES (3,23);
INSERT INTO ltmeal_has_ingredient (meal_id,ingredient_id) VALUES (7,23);
INSERT INTO ltmeal_has_ingredient (meal_id,ingredient_id) VALUES (35,23);
INSERT INTO ltmeal_has_ingredient (meal_id,ingredient_id) VALUES (16,24);
INSERT INTO ltmeal_has_ingredient (meal_id,ingredient_id) VALUES (19,24);
INSERT INTO ltmeal_has_ingredient (meal_id,ingredient_id) VALUES (35,24);
INSERT INTO ltmeal_has_ingredient (meal_id,ingredient_id) VALUES (2,25);
INSERT INTO ltmeal_has_ingredient (meal_id,ingredient_id) VALUES (15,25);
INSERT INTO ltmeal_has_ingredient (meal_id,ingredient_id) VALUES (19,25);
INSERT INTO ltmeal_has_ingredient (meal_id,ingredient_id) VALUES (39,25);
INSERT INTO ltmeal_has_ingredient (meal_id,ingredient_id) VALUES (8,26);
INSERT INTO ltmeal_has_ingredient (meal_id,ingredient_id) VALUES (27,26);
INSERT INTO ltmeal_has_ingredient (meal_id,ingredient_id) VALUES (1,27);
INSERT INTO ltmeal_has_ingredient (meal_id,ingredient_id) VALUES (4,27);
INSERT INTO ltmeal_has_ingredient (meal_id,ingredient_id) VALUES (9,27);
INSERT INTO ltmeal_has_ingredient (meal_id,ingredient_id) VALUES (11,27);
INSERT INTO ltmeal_has_ingredient (meal_id,ingredient_id) VALUES (23,27);
INSERT INTO ltmeal_has_ingredient (meal_id,ingredient_id) VALUES (11,28);
INSERT INTO ltmeal_has_ingredient (meal_id,ingredient_id) VALUES (18,28);

-- ************
-- Menu
-- ************
INSERT INTO ltmenu (id,status,label,description,price_df,available_for_weeks_and_days,image_id) VALUES (1,0,'Menu - 1',NULL,6.52,'{"values":[{"week":5,"day":6},{"week":48},{"week":20,"day":2},{"week":37},{"week":25,"day":3},{"week":23},{"week":48,"day":7},{"week":10},{"week":50,"day":7}]}',75);
INSERT INTO ltmenu (id,status,label,description,price_df,available_for_weeks_and_days,image_id) VALUES (2,0,'Menu - 2',NULL,17.14,NULL,75);
INSERT INTO ltmenu (id,status,label,description,price_df,available_for_weeks_and_days,image_id) VALUES (3,0,'Menu - 3',NULL,9.39,'{"values":[{"week":49},{"week":34},{"week":2},{"week":28,"day":3},{"week":11},{"week":46,"day":1},{"week":14},{"week":52,"day":6}]}',75);
INSERT INTO ltmenu (id,status,label,description,price_df,available_for_weeks_and_days,image_id) VALUES (4,0,'Menu - 4',NULL,9.14,NULL,75);
INSERT INTO ltmenu (id,status,label,description,price_df,available_for_weeks_and_days,image_id) VALUES (5,0,'Menu - 5',NULL,23.53,'{"values":[{"week":53,"day":6},{"week":49},{"week":33},{"week":27,"day":7},{"week":26},{"week":29,"day":2},{"week":2,"day":5},{"week":17,"day":3},{"week":49,"day":3},{"week":19,"day":5}]}',75);
INSERT INTO ltmenu (id,status,label,description,price_df,available_for_weeks_and_days,image_id) VALUES (6,0,'Menu - 6',NULL,17.61,NULL,75);
INSERT INTO ltmenu (id,status,label,description,price_df,available_for_weeks_and_days,image_id) VALUES (7,0,'Menu - 7',NULL,15.82,'{"values":[{"week":47},{"week":17},{"week":24,"day":5},{"week":3},{"week":28,"day":6},{"week":22},{"week":43,"day":4},{"week":40},{"week":41},{"week":18,"day":6}]}',75);
INSERT INTO ltmenu (id,status,label,description,price_df,available_for_weeks_and_days,image_id) VALUES (8,0,'Menu - 8',NULL,24.80,NULL,75);
INSERT INTO ltmenu (id,status,label,description,price_df,available_for_weeks_and_days,image_id) VALUES (9,0,'Menu - 9',NULL,22.46,NULL,75);
INSERT INTO ltmenu (id,status,label,description,price_df,available_for_weeks_and_days,image_id) VALUES (10,0,'Menu - 10',NULL,16.64,NULL,75);
INSERT INTO ltmenu (id,status,label,description,price_df,available_for_weeks_and_days,image_id) VALUES (11,0,'Menu - 11',NULL,9.15,NULL,75);
INSERT INTO ltmenu (id,status,label,description,price_df,available_for_weeks_and_days,image_id) VALUES (12,0,'Menu - 12',NULL,12.54,NULL,75);
INSERT INTO ltmenu (id,status,label,description,price_df,available_for_weeks_and_days,image_id) VALUES (13,0,'Menu - 13',NULL,22.81,NULL,75);
INSERT INTO ltmenu (id,status,label,description,price_df,available_for_weeks_and_days,image_id) VALUES (14,0,'Menu - 14',NULL,9.95,NULL,75);
INSERT INTO ltmenu (id,status,label,description,price_df,available_for_weeks_and_days,image_id) VALUES (15,0,'Menu - 15',NULL,7.86,'{"values":[{"week":16},{"week":24,"day":7},{"week":18},{"week":22,"day":2},{"week":37},{"week":23,"day":2},{"week":44,"day":2},{"week":37,"day":7},{"week":30}]}',75);
INSERT INTO ltmenu (id,status,label,description,price_df,available_for_weeks_and_days,image_id) VALUES (16,0,'Menu - 16',NULL,9.59,NULL,75);
INSERT INTO ltmenu (id,status,label,description,price_df,available_for_weeks_and_days,image_id) VALUES (17,0,'Menu - 17',NULL,9.99,NULL,75);
INSERT INTO ltmenu (id,status,label,description,price_df,available_for_weeks_and_days,image_id) VALUES (18,0,'Menu - 18',NULL,16.39,'{"values":[{"week":2,"day":3},{"week":18,"day":1},{"week":37,"day":1},{"week":36},{"week":40},{"week":11,"day":2},{"week":26,"day":1},{"week":46,"day":4},{"week":30}]}',75);
INSERT INTO ltmenu (id,status,label,description,price_df,available_for_weeks_and_days,image_id) VALUES (19,0,'Menu - 19',NULL,13.77,NULL,75);
INSERT INTO ltmenu (id,status,label,description,price_df,available_for_weeks_and_days,image_id) VALUES (20,0,'Menu - 20',NULL,13.43,NULL,75);
INSERT INTO ltmenu (id,status,label,description,price_df,available_for_weeks_and_days,image_id) VALUES (21,0,'Menu - 21',NULL,11.84,NULL,75);
INSERT INTO ltmenu (id,status,label,description,price_df,available_for_weeks_and_days,image_id) VALUES (22,0,'Menu - 22',NULL,9.40,'{"values":[{"week":38,"day":6},{"week":33},{"week":35,"day":1},{"week":28,"day":7},{"week":39,"day":1},{"week":39},{"week":11,"day":4},{"week":23},{"week":1,"day":7},{"week":11}]}',75);
INSERT INTO ltmenu (id,status,label,description,price_df,available_for_weeks_and_days,image_id) VALUES (23,0,'Menu - 23',NULL,13.30,NULL,75);
INSERT INTO ltmenu (id,status,label,description,price_df,available_for_weeks_and_days,image_id) VALUES (24,0,'Menu - 24',NULL,17.85,'{"values":[{"week":16},{"week":53,"day":4},{"week":1},{"week":36,"day":1},{"week":37},{"week":11,"day":5},{"week":44,"day":6},{"week":26},{"week":16,"day":5},{"week":46}]}',75);
INSERT INTO ltmenu (id,status,label,description,price_df,available_for_weeks_and_days,image_id) VALUES (25,0,'Menu - 25',NULL,18.03,NULL,75);
INSERT INTO ltmenu (id,status,label,description,price_df,available_for_weeks_and_days,image_id) VALUES (26,0,'Menu - 26',NULL,8.55,NULL,75);
INSERT INTO ltmenu (id,status,label,description,price_df,available_for_weeks_and_days,image_id) VALUES (27,0,'Menu - 27',NULL,7.90,NULL,75);
INSERT INTO ltmenu (id,status,label,description,price_df,available_for_weeks_and_days,image_id) VALUES (28,0,'Menu - 28',NULL,20.20,'{"values":[{"week":22,"day":7},{"week":6,"day":5},{"week":35,"day":2},{"week":7,"day":5},{"week":20},{"week":45,"day":7},{"week":9},{"week":42},{"week":34,"day":7},{"week":28}]}',75);
INSERT INTO ltmenu (id,status,label,description,price_df,available_for_weeks_and_days,image_id) VALUES (29,0,'Menu - 29',NULL,21.23,'{"values":[{"week":4,"day":5},{"week":17},{"week":22,"day":4},{"week":36},{"week":5},{"week":43},{"week":51,"day":7},{"week":20,"day":7},{"week":30}]}',75);
INSERT INTO ltmenu (id,status,label,description,price_df,available_for_weeks_and_days,image_id) VALUES (30,0,'Menu - 30',NULL,11.05,NULL,75);
INSERT INTO ltmenu (id,status,label,description,price_df,available_for_weeks_and_days,image_id) VALUES (31,0,'Menu - 31',NULL,5.46,'{"values":[{"week":36,"day":5},{"week":32},{"week":1},{"week":39,"day":6},{"week":17},{"week":4},{"week":36},{"week":5},{"week":8,"day":2},{"week":45}]}',75);
INSERT INTO ltmenu (id,status,label,description,price_df,available_for_weeks_and_days,image_id) VALUES (32,0,'Menu - 32',NULL,23.15,NULL,75);
INSERT INTO ltmenu (id,status,label,description,price_df,available_for_weeks_and_days,image_id) VALUES (33,0,'Menu - 33',NULL,6.26,NULL,75);
INSERT INTO ltmenu (id,status,label,description,price_df,available_for_weeks_and_days,image_id) VALUES (34,0,'Menu - 34',NULL,17.27,NULL,75);
INSERT INTO ltmenu (id,status,label,description,price_df,available_for_weeks_and_days,image_id) VALUES (35,0,'Menu - 35',NULL,16.72,NULL,75);
INSERT INTO ltmenu (id,status,label,description,price_df,available_for_weeks_and_days,image_id) VALUES (36,0,'Menu - 36',NULL,5.82,NULL,75);
INSERT INTO ltmenu (id,status,label,description,price_df,available_for_weeks_and_days,image_id) VALUES (37,0,'Menu - 37',NULL,15.30,'{"values":[{"week":38,"day":5},{"week":51},{"week":53,"day":2},{"week":22},{"week":43,"day":4},{"week":24},{"week":45,"day":3},{"week":42},{"week":32,"day":4},{"week":49,"day":3}]}',75);
INSERT INTO ltmenu (id,status,label,description,price_df,available_for_weeks_and_days,image_id) VALUES (38,0,'Menu - 38',NULL,18.78,NULL,75);
INSERT INTO ltmenu (id,status,label,description,price_df,available_for_weeks_and_days,image_id) VALUES (39,0,'Menu - 39',NULL,18.31,'{"values":[{"week":17,"day":1},{"week":3,"day":2},{"week":1},{"week":7,"day":5},{"week":3},{"week":38,"day":3},{"week":10,"day":2},{"week":1,"day":5},{"week":51,"day":6},{"week":21,"day":7}]}',75);
INSERT INTO ltmenu (id,status,label,description,price_df,available_for_weeks_and_days,image_id) VALUES (40,0,'Menu - 40',NULL,21.55,'{"values":[{"week":21,"day":6},{"week":6,"day":2},{"week":9,"day":2},{"week":28,"day":5},{"week":26},{"week":47,"day":5},{"week":42},{"week":17,"day":7},{"week":2,"day":6},{"week":29}]}',75);
INSERT INTO ltmenu (id,status,label,description,price_df,available_for_weeks_and_days,image_id) VALUES (41,0,'Menu - 41',NULL,16.00,'{"values":[{"week":6,"day":7},{"week":2,"day":3},{"week":48},{"week":38},{"week":29,"day":7},{"week":14,"day":6},{"week":31,"day":7},{"week":40},{"week":43},{"week":20,"day":7}]}',75);
INSERT INTO ltmenu (id,status,label,description,price_df,available_for_weeks_and_days,image_id) VALUES (42,0,'Menu - 42',NULL,12.70,NULL,75);
INSERT INTO ltmenu (id,status,label,description,price_df,available_for_weeks_and_days,image_id) VALUES (43,0,'Menu - 43',NULL,7.83,NULL,75);
INSERT INTO ltmenu (id,status,label,description,price_df,available_for_weeks_and_days,image_id) VALUES (44,0,'Menu - 44',NULL,12.65,'{"values":[{"week":22,"day":6},{"week":22,"day":5},{"week":6,"day":2},{"week":23},{"week":41},{"week":25},{"week":33,"day":7},{"week":30,"day":1},{"week":49,"day":4},{"week":13}]}',75);
INSERT INTO ltmenu (id,status,label,description,price_df,available_for_weeks_and_days,image_id) VALUES (45,0,'Menu - 45',NULL,12.60,NULL,75);
INSERT INTO ltmenu (id,status,label,description,price_df,available_for_weeks_and_days,image_id) VALUES (46,0,'Menu - 46',NULL,21.67,'{"values":[{"week":22,"day":6},{"week":36,"day":2},{"week":34},{"week":4},{"week":24,"day":3},{"week":27,"day":4},{"week":8},{"week":12,"day":1},{"week":19,"day":6},{"week":3,"day":5}]}',75);
INSERT INTO ltmenu (id,status,label,description,price_df,available_for_weeks_and_days,image_id) VALUES (47,0,'Menu - 47',NULL,5.21,NULL,75);
INSERT INTO ltmenu (id,status,label,description,price_df,available_for_weeks_and_days,image_id) VALUES (48,0,'Menu - 48',NULL,15.93,'{"values":[{"week":48},{"week":2,"day":2},{"week":53,"day":3},{"week":18},{"week":23,"day":2},{"week":45,"day":6},{"week":14,"day":4},{"week":27},{"week":12},{"week":33,"day":4}]}',75);
INSERT INTO ltmenu (id,status,label,description,price_df,available_for_weeks_and_days,image_id) VALUES (49,0,'Menu - 49',NULL,10.04,'{"values":[{"week":16},{"week":50},{"week":4,"day":1},{"week":35},{"week":4},{"week":20},{"week":7},{"week":42},{"week":13},{"week":30}]}',75);
INSERT INTO ltmenu (id,status,label,description,price_df,available_for_weeks_and_days,image_id) VALUES (50,0,'Menu - 50',NULL,15.58,NULL,75);
INSERT INTO ltmenu (id,status,label,description,price_df,available_for_weeks_and_days,image_id) VALUES (51,0,'Menu - 51',NULL,9.44,NULL,75);
INSERT INTO ltmenu (id,status,label,description,price_df,available_for_weeks_and_days,image_id) VALUES (52,0,'Menu - 52',NULL,7.21,NULL,75);
INSERT INTO ltmenu (id,status,label,description,price_df,available_for_weeks_and_days,image_id) VALUES (53,0,'Menu - 53',NULL,5.57,NULL,75);
INSERT INTO ltmenu (id,status,label,description,price_df,available_for_weeks_and_days,image_id) VALUES (54,0,'Menu - 54',NULL,7.89,NULL,75);
INSERT INTO ltmenu (id,status,label,description,price_df,available_for_weeks_and_days,image_id) VALUES (55,0,'Menu - 55',NULL,20.01,'{"values":[{"week":34},{"week":35},{"week":28,"day":7},{"week":30,"day":7},{"week":40},{"week":46,"day":4},{"week":16,"day":6},{"week":28},{"week":14,"day":1},{"week":15,"day":1}]}',75);
INSERT INTO ltmenu (id,status,label,description,price_df,available_for_weeks_and_days,image_id) VALUES (56,0,'Menu - 56',NULL,17.79,NULL,75);
INSERT INTO ltmenu (id,status,label,description,price_df,available_for_weeks_and_days,image_id) VALUES (57,0,'Menu - 57',NULL,23.39,NULL,75);
INSERT INTO ltmenu (id,status,label,description,price_df,available_for_weeks_and_days,image_id) VALUES (58,0,'Menu - 58',NULL,17.28,NULL,75);
INSERT INTO ltmenu (id,status,label,description,price_df,available_for_weeks_and_days,image_id) VALUES (59,0,'Menu - 59',NULL,18.35,NULL,75);
INSERT INTO ltmenu (id,status,label,description,price_df,available_for_weeks_and_days,image_id) VALUES (60,0,'Menu - 60',NULL,11.29,'{"values":[{"week":32},{"week":16},{"week":35},{"week":23,"day":3},{"week":8},{"week":9},{"week":32,"day":6},{"week":2,"day":7},{"week":15,"day":1}]}',75);

-- ************
-- Menu Has Meal
-- ************
INSERT INTO ltmenu_has_meal (menu_id,meal_id) VALUES (19,2);
INSERT INTO ltmenu_has_meal (menu_id,meal_id) VALUES (26,2);
INSERT INTO ltmenu_has_meal (menu_id,meal_id) VALUES (33,2);
INSERT INTO ltmenu_has_meal (menu_id,meal_id) VALUES (56,3);
INSERT INTO ltmenu_has_meal (menu_id,meal_id) VALUES (15,4);
INSERT INTO ltmenu_has_meal (menu_id,meal_id) VALUES (29,4);
INSERT INTO ltmenu_has_meal (menu_id,meal_id) VALUES (3,5);
INSERT INTO ltmenu_has_meal (menu_id,meal_id) VALUES (5,5);
INSERT INTO ltmenu_has_meal (menu_id,meal_id) VALUES (9,5);
INSERT INTO ltmenu_has_meal (menu_id,meal_id) VALUES (46,5);
INSERT INTO ltmenu_has_meal (menu_id,meal_id) VALUES (51,5);
INSERT INTO ltmenu_has_meal (menu_id,meal_id) VALUES (52,5);
INSERT INTO ltmenu_has_meal (menu_id,meal_id) VALUES (24,6);
INSERT INTO ltmenu_has_meal (menu_id,meal_id) VALUES (41,6);
INSERT INTO ltmenu_has_meal (menu_id,meal_id) VALUES (5,7);
INSERT INTO ltmenu_has_meal (menu_id,meal_id) VALUES (41,7);
INSERT INTO ltmenu_has_meal (menu_id,meal_id) VALUES (16,8);
INSERT INTO ltmenu_has_meal (menu_id,meal_id) VALUES (44,8);
INSERT INTO ltmenu_has_meal (menu_id,meal_id) VALUES (60,8);
INSERT INTO ltmenu_has_meal (menu_id,meal_id) VALUES (14,9);
INSERT INTO ltmenu_has_meal (menu_id,meal_id) VALUES (17,9);
INSERT INTO ltmenu_has_meal (menu_id,meal_id) VALUES (29,9);
INSERT INTO ltmenu_has_meal (menu_id,meal_id) VALUES (40,9);
INSERT INTO ltmenu_has_meal (menu_id,meal_id) VALUES (8,10);
INSERT INTO ltmenu_has_meal (menu_id,meal_id) VALUES (9,10);
INSERT INTO ltmenu_has_meal (menu_id,meal_id) VALUES (25,10);
INSERT INTO ltmenu_has_meal (menu_id,meal_id) VALUES (14,11);
INSERT INTO ltmenu_has_meal (menu_id,meal_id) VALUES (26,11);
INSERT INTO ltmenu_has_meal (menu_id,meal_id) VALUES (59,11);
INSERT INTO ltmenu_has_meal (menu_id,meal_id) VALUES (20,12);
INSERT INTO ltmenu_has_meal (menu_id,meal_id) VALUES (24,12);
INSERT INTO ltmenu_has_meal (menu_id,meal_id) VALUES (32,12);
INSERT INTO ltmenu_has_meal (menu_id,meal_id) VALUES (40,12);
INSERT INTO ltmenu_has_meal (menu_id,meal_id) VALUES (6,13);
INSERT INTO ltmenu_has_meal (menu_id,meal_id) VALUES (16,13);
INSERT INTO ltmenu_has_meal (menu_id,meal_id) VALUES (4,14);
INSERT INTO ltmenu_has_meal (menu_id,meal_id) VALUES (10,14);
INSERT INTO ltmenu_has_meal (menu_id,meal_id) VALUES (14,14);
INSERT INTO ltmenu_has_meal (menu_id,meal_id) VALUES (16,14);
INSERT INTO ltmenu_has_meal (menu_id,meal_id) VALUES (42,14);
INSERT INTO ltmenu_has_meal (menu_id,meal_id) VALUES (47,14);
INSERT INTO ltmenu_has_meal (menu_id,meal_id) VALUES (53,14);
INSERT INTO ltmenu_has_meal (menu_id,meal_id) VALUES (48,15);
INSERT INTO ltmenu_has_meal (menu_id,meal_id) VALUES (52,15);
INSERT INTO ltmenu_has_meal (menu_id,meal_id) VALUES (1,16);
INSERT INTO ltmenu_has_meal (menu_id,meal_id) VALUES (36,16);
INSERT INTO ltmenu_has_meal (menu_id,meal_id) VALUES (49,16);
INSERT INTO ltmenu_has_meal (menu_id,meal_id) VALUES (15,17);
INSERT INTO ltmenu_has_meal (menu_id,meal_id) VALUES (35,17);
INSERT INTO ltmenu_has_meal (menu_id,meal_id) VALUES (53,17);
INSERT INTO ltmenu_has_meal (menu_id,meal_id) VALUES (57,17);
INSERT INTO ltmenu_has_meal (menu_id,meal_id) VALUES (17,18);
INSERT INTO ltmenu_has_meal (menu_id,meal_id) VALUES (35,18);
INSERT INTO ltmenu_has_meal (menu_id,meal_id) VALUES (4,19);
INSERT INTO ltmenu_has_meal (menu_id,meal_id) VALUES (47,19);
INSERT INTO ltmenu_has_meal (menu_id,meal_id) VALUES (56,19);
INSERT INTO ltmenu_has_meal (menu_id,meal_id) VALUES (59,20);
INSERT INTO ltmenu_has_meal (menu_id,meal_id) VALUES (45,21);
INSERT INTO ltmenu_has_meal (menu_id,meal_id) VALUES (51,21);
INSERT INTO ltmenu_has_meal (menu_id,meal_id) VALUES (54,21);
INSERT INTO ltmenu_has_meal (menu_id,meal_id) VALUES (58,21);
INSERT INTO ltmenu_has_meal (menu_id,meal_id) VALUES (29,22);
INSERT INTO ltmenu_has_meal (menu_id,meal_id) VALUES (41,22);
INSERT INTO ltmenu_has_meal (menu_id,meal_id) VALUES (41,23);
INSERT INTO ltmenu_has_meal (menu_id,meal_id) VALUES (42,23);
INSERT INTO ltmenu_has_meal (menu_id,meal_id) VALUES (44,24);
INSERT INTO ltmenu_has_meal (menu_id,meal_id) VALUES (57,24);
INSERT INTO ltmenu_has_meal (menu_id,meal_id) VALUES (1,25);
INSERT INTO ltmenu_has_meal (menu_id,meal_id) VALUES (46,25);
INSERT INTO ltmenu_has_meal (menu_id,meal_id) VALUES (52,25);
INSERT INTO ltmenu_has_meal (menu_id,meal_id) VALUES (55,25);
INSERT INTO ltmenu_has_meal (menu_id,meal_id) VALUES (17,26);
INSERT INTO ltmenu_has_meal (menu_id,meal_id) VALUES (47,26);
INSERT INTO ltmenu_has_meal (menu_id,meal_id) VALUES (49,26);
INSERT INTO ltmenu_has_meal (menu_id,meal_id) VALUES (50,26);
INSERT INTO ltmenu_has_meal (menu_id,meal_id) VALUES (52,26);
INSERT INTO ltmenu_has_meal (menu_id,meal_id) VALUES (12,27);
INSERT INTO ltmenu_has_meal (menu_id,meal_id) VALUES (25,27);
INSERT INTO ltmenu_has_meal (menu_id,meal_id) VALUES (42,27);
INSERT INTO ltmenu_has_meal (menu_id,meal_id) VALUES (51,27);
INSERT INTO ltmenu_has_meal (menu_id,meal_id) VALUES (1,28);
INSERT INTO ltmenu_has_meal (menu_id,meal_id) VALUES (26,28);
INSERT INTO ltmenu_has_meal (menu_id,meal_id) VALUES (33,28);
INSERT INTO ltmenu_has_meal (menu_id,meal_id) VALUES (47,28);
INSERT INTO ltmenu_has_meal (menu_id,meal_id) VALUES (26,29);
INSERT INTO ltmenu_has_meal (menu_id,meal_id) VALUES (44,29);
INSERT INTO ltmenu_has_meal (menu_id,meal_id) VALUES (48,29);
INSERT INTO ltmenu_has_meal (menu_id,meal_id) VALUES (25,30);
INSERT INTO ltmenu_has_meal (menu_id,meal_id) VALUES (35,30);
INSERT INTO ltmenu_has_meal (menu_id,meal_id) VALUES (48,30);
INSERT INTO ltmenu_has_meal (menu_id,meal_id) VALUES (53,30);
INSERT INTO ltmenu_has_meal (menu_id,meal_id) VALUES (3,31);
INSERT INTO ltmenu_has_meal (menu_id,meal_id) VALUES (3,32);
INSERT INTO ltmenu_has_meal (menu_id,meal_id) VALUES (14,32);
INSERT INTO ltmenu_has_meal (menu_id,meal_id) VALUES (28,32);
INSERT INTO ltmenu_has_meal (menu_id,meal_id) VALUES (46,32);
INSERT INTO ltmenu_has_meal (menu_id,meal_id) VALUES (55,32);
INSERT INTO ltmenu_has_meal (menu_id,meal_id) VALUES (24,33);
INSERT INTO ltmenu_has_meal (menu_id,meal_id) VALUES (46,33);
INSERT INTO ltmenu_has_meal (menu_id,meal_id) VALUES (8,35);
INSERT INTO ltmenu_has_meal (menu_id,meal_id) VALUES (19,35);
INSERT INTO ltmenu_has_meal (menu_id,meal_id) VALUES (32,35);
INSERT INTO ltmenu_has_meal (menu_id,meal_id) VALUES (45,35);
INSERT INTO ltmenu_has_meal (menu_id,meal_id) VALUES (1,36);
INSERT INTO ltmenu_has_meal (menu_id,meal_id) VALUES (11,36);
INSERT INTO ltmenu_has_meal (menu_id,meal_id) VALUES (44,36);
INSERT INTO ltmenu_has_meal (menu_id,meal_id) VALUES (10,37);
INSERT INTO ltmenu_has_meal (menu_id,meal_id) VALUES (16,37);
INSERT INTO ltmenu_has_meal (menu_id,meal_id) VALUES (5,38);
INSERT INTO ltmenu_has_meal (menu_id,meal_id) VALUES (15,38);
INSERT INTO ltmenu_has_meal (menu_id,meal_id) VALUES (30,38);
INSERT INTO ltmenu_has_meal (menu_id,meal_id) VALUES (8,39);
INSERT INTO ltmenu_has_meal (menu_id,meal_id) VALUES (11,39);
INSERT INTO ltmenu_has_meal (menu_id,meal_id) VALUES (53,39);
INSERT INTO ltmenu_has_meal (menu_id,meal_id) VALUES (3,40);
INSERT INTO ltmenu_has_meal (menu_id,meal_id) VALUES (6,40);
INSERT INTO ltmenu_has_meal (menu_id,meal_id) VALUES (29,40);
INSERT INTO ltmenu_has_meal (menu_id,meal_id) VALUES (30,41);


-- ************
-- Order
-- ************
INSERT INTO ltorder (id,status,user_id,creation_date,creation_time) VALUES (1,0,72,'2022-02-15','11:34:59');
INSERT INTO ltorder (id,status,user_id,creation_date,creation_time) VALUES (2,0,7,'2022-02-15','11:34:59');
INSERT INTO ltorder (id,status,user_id,creation_date,creation_time) VALUES (3,0,16,'2022-02-15','11:34:59');
INSERT INTO ltorder (id,status,user_id,creation_date,creation_time) VALUES (4,0,45,'2022-02-15','11:34:59');
INSERT INTO ltorder (id,status,user_id,creation_date,creation_time) VALUES (5,0,75,'2022-02-15','11:34:59');
INSERT INTO ltorder (id,status,user_id,creation_date,creation_time) VALUES (6,0,23,'2022-02-15','11:34:59');
INSERT INTO ltorder (id,status,user_id,creation_date,creation_time) VALUES (7,0,61,'2022-02-15','11:34:59');
INSERT INTO ltorder (id,status,user_id,creation_date,creation_time) VALUES (8,0,89,'2022-02-15','11:34:59');
INSERT INTO ltorder (id,status,user_id,creation_date,creation_time) VALUES (9,0,7,'2022-02-15','11:34:59');
INSERT INTO ltorder (id,status,user_id,creation_date,creation_time) VALUES (10,0,56,'2022-02-15','11:34:59');
INSERT INTO ltorder (id,status,user_id,creation_date,creation_time) VALUES (11,0,49,'2022-02-15','11:34:59');
INSERT INTO ltorder (id,status,user_id,creation_date,creation_time) VALUES (12,0,96,'2022-02-15','11:34:59');
INSERT INTO ltorder (id,status,user_id,creation_date,creation_time) VALUES (13,0,15,'2022-02-15','11:34:59');
INSERT INTO ltorder (id,status,user_id,creation_date,creation_time) VALUES (14,0,91,'2022-02-15','11:34:59');
INSERT INTO ltorder (id,status,user_id,creation_date,creation_time) VALUES (15,0,30,'2022-02-15','11:34:59');
INSERT INTO ltorder (id,status,user_id,creation_date,creation_time) VALUES (16,0,13,'2022-02-15','11:34:59');
INSERT INTO ltorder (id,status,user_id,creation_date,creation_time) VALUES (17,0,28,'2022-02-15','11:34:59');
INSERT INTO ltorder (id,status,user_id,creation_date,creation_time) VALUES (18,0,87,'2022-02-15','11:34:59');
INSERT INTO ltorder (id,status,user_id,creation_date,creation_time) VALUES (19,0,14,'2022-02-15','11:34:59');
INSERT INTO ltorder (id,status,user_id,creation_date,creation_time) VALUES (20,0,19,'2022-02-15','11:34:59');
INSERT INTO ltorder (id,status,user_id,creation_date,creation_time) VALUES (21,0,88,'2022-02-15','11:34:59');
INSERT INTO ltorder (id,status,user_id,creation_date,creation_time) VALUES (22,0,53,'2022-02-15','11:34:59');
INSERT INTO ltorder (id,status,user_id,creation_date,creation_time) VALUES (23,0,48,'2022-02-15','11:34:59');
INSERT INTO ltorder (id,status,user_id,creation_date,creation_time) VALUES (24,0,75,'2022-02-15','11:34:59');
INSERT INTO ltorder (id,status,user_id,creation_date,creation_time) VALUES (25,0,5,'2022-02-15','11:34:59');
INSERT INTO ltorder (id,status,user_id,creation_date,creation_time) VALUES (26,0,23,'2022-02-15','11:34:59');
INSERT INTO ltorder (id,status,user_id,creation_date,creation_time) VALUES (27,0,56,'2022-02-15','11:34:59');
INSERT INTO ltorder (id,status,user_id,creation_date,creation_time) VALUES (28,0,42,'2022-02-15','11:34:59');
INSERT INTO ltorder (id,status,user_id,creation_date,creation_time) VALUES (29,0,33,'2022-02-15','11:34:59');
INSERT INTO ltorder (id,status,user_id,creation_date,creation_time) VALUES (30,0,86,'2022-02-15','11:34:59');
INSERT INTO ltorder (id,status,user_id,creation_date,creation_time) VALUES (31,0,39,'2022-02-15','11:34:59');
INSERT INTO ltorder (id,status,user_id,creation_date,creation_time) VALUES (32,0,98,'2022-02-15','11:34:59');
INSERT INTO ltorder (id,status,user_id,creation_date,creation_time) VALUES (33,0,1,'2022-02-15','11:34:59');
INSERT INTO ltorder (id,status,user_id,creation_date,creation_time) VALUES (34,0,60,'2022-02-15','11:34:59');
INSERT INTO ltorder (id,status,user_id,creation_date,creation_time) VALUES (35,0,64,'2022-02-15','11:34:59');
INSERT INTO ltorder (id,status,user_id,creation_date,creation_time) VALUES (36,0,62,'2022-02-15','11:34:59');
INSERT INTO ltorder (id,status,user_id,creation_date,creation_time) VALUES (37,0,98,'2022-02-15','11:34:59');
INSERT INTO ltorder (id,status,user_id,creation_date,creation_time) VALUES (38,0,38,'2022-02-15','11:34:59');
INSERT INTO ltorder (id,status,user_id,creation_date,creation_time) VALUES (39,0,61,'2022-02-15','11:34:59');
INSERT INTO ltorder (id,status,user_id,creation_date,creation_time) VALUES (40,0,56,'2022-02-15','11:34:59');
INSERT INTO ltorder (id,status,user_id,creation_date,creation_time) VALUES (41,0,8,'2022-02-15','11:34:59');
INSERT INTO ltorder (id,status,user_id,creation_date,creation_time) VALUES (42,0,53,'2022-02-15','11:34:59');
INSERT INTO ltorder (id,status,user_id,creation_date,creation_time) VALUES (43,0,23,'2022-02-15','11:34:59');
INSERT INTO ltorder (id,status,user_id,creation_date,creation_time) VALUES (44,0,20,'2022-02-15','11:34:59');
INSERT INTO ltorder (id,status,user_id,creation_date,creation_time) VALUES (45,0,5,'2022-02-15','11:34:59');
INSERT INTO ltorder (id,status,user_id,creation_date,creation_time) VALUES (46,0,57,'2022-02-15','11:34:59');
INSERT INTO ltorder (id,status,user_id,creation_date,creation_time) VALUES (47,0,34,'2022-02-15','11:34:59');
INSERT INTO ltorder (id,status,user_id,creation_date,creation_time) VALUES (48,0,97,'2022-02-15','11:34:59');
INSERT INTO ltorder (id,status,user_id,creation_date,creation_time) VALUES (49,0,61,'2022-02-15','11:34:59');
INSERT INTO ltorder (id,status,user_id,creation_date,creation_time) VALUES (50,0,61,'2022-02-15','11:34:59');
INSERT INTO ltorder (id,status,user_id,creation_date,creation_time) VALUES (51,0,45,'2022-02-15','11:34:59');
INSERT INTO ltorder (id,status,user_id,creation_date,creation_time) VALUES (52,0,57,'2022-02-15','11:34:59');
INSERT INTO ltorder (id,status,user_id,creation_date,creation_time) VALUES (53,0,42,'2022-02-15','11:34:59');
INSERT INTO ltorder (id,status,user_id,creation_date,creation_time) VALUES (54,0,13,'2022-02-15','11:34:59');
INSERT INTO ltorder (id,status,user_id,creation_date,creation_time) VALUES (55,0,68,'2022-02-15','11:35:00');
INSERT INTO ltorder (id,status,user_id,creation_date,creation_time) VALUES (56,0,27,'2022-02-15','11:35:00');
INSERT INTO ltorder (id,status,user_id,creation_date,creation_time) VALUES (57,0,83,'2022-02-15','11:35:00');
INSERT INTO ltorder (id,status,user_id,creation_date,creation_time) VALUES (58,0,39,'2022-02-15','11:35:00');
INSERT INTO ltorder (id,status,user_id,creation_date,creation_time) VALUES (59,0,86,'2022-02-15','11:35:00');
INSERT INTO ltorder (id,status,user_id,creation_date,creation_time) VALUES (60,0,29,'2022-02-15','11:35:00');
INSERT INTO ltorder (id,status,user_id,creation_date,creation_time) VALUES (61,0,13,'2022-02-15','11:35:00');
INSERT INTO ltorder (id,status,user_id,creation_date,creation_time) VALUES (62,0,55,'2022-02-15','11:35:00');
INSERT INTO ltorder (id,status,user_id,creation_date,creation_time) VALUES (63,0,39,'2022-02-15','11:35:00');
INSERT INTO ltorder (id,status,user_id,creation_date,creation_time) VALUES (64,0,56,'2022-02-15','11:35:00');
INSERT INTO ltorder (id,status,user_id,creation_date,creation_time) VALUES (65,0,94,'2022-02-15','11:35:00');
INSERT INTO ltorder (id,status,user_id,creation_date,creation_time) VALUES (66,0,14,'2022-02-15','11:35:00');
INSERT INTO ltorder (id,status,user_id,creation_date,creation_time) VALUES (67,0,86,'2022-02-15','11:35:00');
INSERT INTO ltorder (id,status,user_id,creation_date,creation_time) VALUES (68,0,85,'2022-02-15','11:35:00');
INSERT INTO ltorder (id,status,user_id,creation_date,creation_time) VALUES (69,0,61,'2022-02-15','11:35:00');
INSERT INTO ltorder (id,status,user_id,creation_date,creation_time) VALUES (70,0,72,'2022-02-15','11:35:00');
INSERT INTO ltorder (id,status,user_id,creation_date,creation_time) VALUES (71,0,57,'2022-02-15','11:35:00');
INSERT INTO ltorder (id,status,user_id,creation_date,creation_time) VALUES (72,0,91,'2022-02-15','11:35:00');
INSERT INTO ltorder (id,status,user_id,creation_date,creation_time) VALUES (73,0,56,'2022-02-15','11:35:00');
INSERT INTO ltorder (id,status,user_id,creation_date,creation_time) VALUES (74,0,63,'2022-02-15','11:35:00');
INSERT INTO ltorder (id,status,user_id,creation_date,creation_time) VALUES (75,0,78,'2022-02-15','11:35:00');
INSERT INTO ltorder (id,status,user_id,creation_date,creation_time) VALUES (76,0,3,'2022-02-15','11:35:00');
INSERT INTO ltorder (id,status,user_id,creation_date,creation_time) VALUES (77,0,10,'2022-02-15','11:35:00');
INSERT INTO ltorder (id,status,user_id,creation_date,creation_time) VALUES (78,0,96,'2022-02-15','11:35:00');
INSERT INTO ltorder (id,status,user_id,creation_date,creation_time) VALUES (79,0,20,'2022-02-15','11:35:00');
INSERT INTO ltorder (id,status,user_id,creation_date,creation_time) VALUES (80,0,3,'2022-02-15','11:35:00');
INSERT INTO ltorder (id,status,user_id,creation_date,creation_time) VALUES (81,0,97,'2022-02-15','11:35:00');
INSERT INTO ltorder (id,status,user_id,creation_date,creation_time) VALUES (82,0,51,'2022-02-15','11:35:00');
INSERT INTO ltorder (id,status,user_id,creation_date,creation_time) VALUES (83,0,73,'2022-02-15','11:35:00');
INSERT INTO ltorder (id,status,user_id,creation_date,creation_time) VALUES (84,0,63,'2022-02-15','11:35:00');
INSERT INTO ltorder (id,status,user_id,creation_date,creation_time) VALUES (85,0,48,'2022-02-15','11:35:00');
INSERT INTO ltorder (id,status,user_id,creation_date,creation_time) VALUES (86,0,32,'2022-02-15','11:35:00');
INSERT INTO ltorder (id,status,user_id,creation_date,creation_time) VALUES (87,0,38,'2022-02-15','11:35:00');
INSERT INTO ltorder (id,status,user_id,creation_date,creation_time) VALUES (88,0,5,'2022-02-15','11:35:00');
INSERT INTO ltorder (id,status,user_id,creation_date,creation_time) VALUES (89,0,89,'2022-02-15','11:35:00');
INSERT INTO ltorder (id,status,user_id,creation_date,creation_time) VALUES (90,0,63,'2022-02-15','11:35:00');
INSERT INTO ltorder (id,status,user_id,creation_date,creation_time) VALUES (91,0,37,'2022-02-15','11:35:00');
INSERT INTO ltorder (id,status,user_id,creation_date,creation_time) VALUES (92,0,36,'2022-02-15','11:35:00');
INSERT INTO ltorder (id,status,user_id,creation_date,creation_time) VALUES (93,0,26,'2022-02-15','11:35:00');
INSERT INTO ltorder (id,status,user_id,creation_date,creation_time) VALUES (94,0,85,'2022-02-15','11:35:00');
INSERT INTO ltorder (id,status,user_id,creation_date,creation_time) VALUES (95,0,34,'2022-02-15','11:35:00');
INSERT INTO ltorder (id,status,user_id,creation_date,creation_time) VALUES (96,0,15,'2022-02-15','11:35:00');
INSERT INTO ltorder (id,status,user_id,creation_date,creation_time) VALUES (97,0,23,'2022-02-15','11:35:00');
INSERT INTO ltorder (id,status,user_id,creation_date,creation_time) VALUES (98,0,92,'2022-02-15','11:35:00');
INSERT INTO ltorder (id,status,user_id,creation_date,creation_time) VALUES (99,0,38,'2022-02-15','11:35:00');
INSERT INTO ltorder (id,status,user_id,creation_date,creation_time) VALUES (100,0,98,'2022-02-15','11:35:00');

-- ************
-- Quantity Meal and Menu
-- ************
INSERT INTO ltquantity (id,meal_id,menu_id,quantity) VALUES (1,15,NULL,2);
INSERT INTO ltquantity (id,meal_id,menu_id,quantity) VALUES (2,39,NULL,1);
INSERT INTO ltquantity (id,meal_id,menu_id,quantity) VALUES (3,NULL,41,2);
INSERT INTO ltquantity (id,meal_id,menu_id,quantity) VALUES (4,NULL,57,1);
INSERT INTO ltquantity (id,meal_id,menu_id,quantity) VALUES (5,NULL,52,2);
INSERT INTO ltquantity (id,meal_id,menu_id,quantity) VALUES (6,NULL,24,1);
INSERT INTO ltquantity (id,meal_id,menu_id,quantity) VALUES (7,NULL,8,2);
INSERT INTO ltquantity (id,meal_id,menu_id,quantity) VALUES (8,NULL,43,1);
INSERT INTO ltquantity (id,meal_id,menu_id,quantity) VALUES (9,13,NULL,1);
INSERT INTO ltquantity (id,meal_id,menu_id,quantity) VALUES (10,34,NULL,1);
INSERT INTO ltquantity (id,meal_id,menu_id,quantity) VALUES (11,NULL,51,2);
INSERT INTO ltquantity (id,meal_id,menu_id,quantity) VALUES (12,NULL,25,2);
INSERT INTO ltquantity (id,meal_id,menu_id,quantity) VALUES (13,NULL,55,2);
INSERT INTO ltquantity (id,meal_id,menu_id,quantity) VALUES (14,17,NULL,1);
INSERT INTO ltquantity (id,meal_id,menu_id,quantity) VALUES (15,NULL,16,1);
INSERT INTO ltquantity (id,meal_id,menu_id,quantity) VALUES (16,NULL,44,1);
INSERT INTO ltquantity (id,meal_id,menu_id,quantity) VALUES (17,NULL,10,2);
INSERT INTO ltquantity (id,meal_id,menu_id,quantity) VALUES (18,25,NULL,2);
INSERT INTO ltquantity (id,meal_id,menu_id,quantity) VALUES (19,NULL,44,2);
INSERT INTO ltquantity (id,meal_id,menu_id,quantity) VALUES (20,37,NULL,1);
INSERT INTO ltquantity (id,meal_id,menu_id,quantity) VALUES (21,NULL,54,1);
INSERT INTO ltquantity (id,meal_id,menu_id,quantity) VALUES (22,NULL,49,2);
INSERT INTO ltquantity (id,meal_id,menu_id,quantity) VALUES (23,NULL,50,2);
INSERT INTO ltquantity (id,meal_id,menu_id,quantity) VALUES (24,35,NULL,1);
INSERT INTO ltquantity (id,meal_id,menu_id,quantity) VALUES (25,32,NULL,1);
INSERT INTO ltquantity (id,meal_id,menu_id,quantity) VALUES (26,28,NULL,1);
INSERT INTO ltquantity (id,meal_id,menu_id,quantity) VALUES (27,NULL,34,2);
INSERT INTO ltquantity (id,meal_id,menu_id,quantity) VALUES (28,NULL,41,1);
INSERT INTO ltquantity (id,meal_id,menu_id,quantity) VALUES (29,NULL,47,1);
INSERT INTO ltquantity (id,meal_id,menu_id,quantity) VALUES (30,NULL,6,1);
INSERT INTO ltquantity (id,meal_id,menu_id,quantity) VALUES (31,40,NULL,2);
INSERT INTO ltquantity (id,meal_id,menu_id,quantity) VALUES (32,1,NULL,2);
INSERT INTO ltquantity (id,meal_id,menu_id,quantity) VALUES (33,35,NULL,2);
INSERT INTO ltquantity (id,meal_id,menu_id,quantity) VALUES (34,11,NULL,1);
INSERT INTO ltquantity (id,meal_id,menu_id,quantity) VALUES (35,NULL,12,1);
INSERT INTO ltquantity (id,meal_id,menu_id,quantity) VALUES (36,NULL,27,2);
INSERT INTO ltquantity (id,meal_id,menu_id,quantity) VALUES (37,NULL,41,1);
INSERT INTO ltquantity (id,meal_id,menu_id,quantity) VALUES (38,NULL,7,2);
INSERT INTO ltquantity (id,meal_id,menu_id,quantity) VALUES (39,NULL,58,1);
INSERT INTO ltquantity (id,meal_id,menu_id,quantity) VALUES (40,29,NULL,1);
INSERT INTO ltquantity (id,meal_id,menu_id,quantity) VALUES (41,10,NULL,2);
INSERT INTO ltquantity (id,meal_id,menu_id,quantity) VALUES (42,NULL,37,2);
INSERT INTO ltquantity (id,meal_id,menu_id,quantity) VALUES (43,NULL,14,1);
INSERT INTO ltquantity (id,meal_id,menu_id,quantity) VALUES (44,NULL,8,2);
INSERT INTO ltquantity (id,meal_id,menu_id,quantity) VALUES (45,NULL,17,1);
INSERT INTO ltquantity (id,meal_id,menu_id,quantity) VALUES (46,NULL,31,1);
INSERT INTO ltquantity (id,meal_id,menu_id,quantity) VALUES (47,19,NULL,2);
INSERT INTO ltquantity (id,meal_id,menu_id,quantity) VALUES (48,4,NULL,2);
INSERT INTO ltquantity (id,meal_id,menu_id,quantity) VALUES (49,NULL,3,1);
INSERT INTO ltquantity (id,meal_id,menu_id,quantity) VALUES (50,26,NULL,1);
INSERT INTO ltquantity (id,meal_id,menu_id,quantity) VALUES (51,31,NULL,1);
INSERT INTO ltquantity (id,meal_id,menu_id,quantity) VALUES (52,NULL,12,1);
INSERT INTO ltquantity (id,meal_id,menu_id,quantity) VALUES (53,NULL,44,2);
INSERT INTO ltquantity (id,meal_id,menu_id,quantity) VALUES (54,NULL,2,1);
INSERT INTO ltquantity (id,meal_id,menu_id,quantity) VALUES (55,NULL,17,1);
INSERT INTO ltquantity (id,meal_id,menu_id,quantity) VALUES (56,8,NULL,1);
INSERT INTO ltquantity (id,meal_id,menu_id,quantity) VALUES (57,NULL,23,1);
INSERT INTO ltquantity (id,meal_id,menu_id,quantity) VALUES (58,16,NULL,1);
INSERT INTO ltquantity (id,meal_id,menu_id,quantity) VALUES (59,31,NULL,2);
INSERT INTO ltquantity (id,meal_id,menu_id,quantity) VALUES (60,NULL,54,1);
INSERT INTO ltquantity (id,meal_id,menu_id,quantity) VALUES (61,32,NULL,1);
INSERT INTO ltquantity (id,meal_id,menu_id,quantity) VALUES (62,28,NULL,1);
INSERT INTO ltquantity (id,meal_id,menu_id,quantity) VALUES (63,3,NULL,2);
INSERT INTO ltquantity (id,meal_id,menu_id,quantity) VALUES (64,12,NULL,2);
INSERT INTO ltquantity (id,meal_id,menu_id,quantity) VALUES (65,13,NULL,1);
INSERT INTO ltquantity (id,meal_id,menu_id,quantity) VALUES (66,13,NULL,2);
INSERT INTO ltquantity (id,meal_id,menu_id,quantity) VALUES (67,NULL,13,1);
INSERT INTO ltquantity (id,meal_id,menu_id,quantity) VALUES (68,NULL,30,1);
INSERT INTO ltquantity (id,meal_id,menu_id,quantity) VALUES (69,NULL,31,1);
INSERT INTO ltquantity (id,meal_id,menu_id,quantity) VALUES (70,NULL,9,2);
INSERT INTO ltquantity (id,meal_id,menu_id,quantity) VALUES (71,NULL,14,2);
INSERT INTO ltquantity (id,meal_id,menu_id,quantity) VALUES (72,9,NULL,2);
INSERT INTO ltquantity (id,meal_id,menu_id,quantity) VALUES (73,15,NULL,1);
INSERT INTO ltquantity (id,meal_id,menu_id,quantity) VALUES (74,22,NULL,2);
INSERT INTO ltquantity (id,meal_id,menu_id,quantity) VALUES (75,31,NULL,1);
INSERT INTO ltquantity (id,meal_id,menu_id,quantity) VALUES (76,NULL,4,1);
INSERT INTO ltquantity (id,meal_id,menu_id,quantity) VALUES (77,NULL,45,2);
INSERT INTO ltquantity (id,meal_id,menu_id,quantity) VALUES (78,NULL,34,2);
INSERT INTO ltquantity (id,meal_id,menu_id,quantity) VALUES (79,NULL,59,2);
INSERT INTO ltquantity (id,meal_id,menu_id,quantity) VALUES (80,3,NULL,1);
INSERT INTO ltquantity (id,meal_id,menu_id,quantity) VALUES (81,NULL,54,1);
INSERT INTO ltquantity (id,meal_id,menu_id,quantity) VALUES (82,39,NULL,1);
INSERT INTO ltquantity (id,meal_id,menu_id,quantity) VALUES (83,32,NULL,2);
INSERT INTO ltquantity (id,meal_id,menu_id,quantity) VALUES (84,24,NULL,1);
INSERT INTO ltquantity (id,meal_id,menu_id,quantity) VALUES (85,NULL,8,2);
INSERT INTO ltquantity (id,meal_id,menu_id,quantity) VALUES (86,NULL,53,1);
INSERT INTO ltquantity (id,meal_id,menu_id,quantity) VALUES (87,10,NULL,1);
INSERT INTO ltquantity (id,meal_id,menu_id,quantity) VALUES (88,NULL,39,1);
INSERT INTO ltquantity (id,meal_id,menu_id,quantity) VALUES (89,NULL,43,1);
INSERT INTO ltquantity (id,meal_id,menu_id,quantity) VALUES (90,NULL,24,1);

-- ************
-- Order has Quantity
-- ************
INSERT INTO ltorder_has_quantity (order_id,quantity_id) VALUES (2,1);
INSERT INTO ltorder_has_quantity (order_id,quantity_id) VALUES (2,2);
INSERT INTO ltorder_has_quantity (order_id,quantity_id) VALUES (3,3);
INSERT INTO ltorder_has_quantity (order_id,quantity_id) VALUES (5,4);
INSERT INTO ltorder_has_quantity (order_id,quantity_id) VALUES (7,5);
INSERT INTO ltorder_has_quantity (order_id,quantity_id) VALUES (8,6);
INSERT INTO ltorder_has_quantity (order_id,quantity_id) VALUES (9,7);
INSERT INTO ltorder_has_quantity (order_id,quantity_id) VALUES (10,8);
INSERT INTO ltorder_has_quantity (order_id,quantity_id) VALUES (11,9);
INSERT INTO ltorder_has_quantity (order_id,quantity_id) VALUES (12,10);
INSERT INTO ltorder_has_quantity (order_id,quantity_id) VALUES (13,11);
INSERT INTO ltorder_has_quantity (order_id,quantity_id) VALUES (14,12);
INSERT INTO ltorder_has_quantity (order_id,quantity_id) VALUES (15,13);
INSERT INTO ltorder_has_quantity (order_id,quantity_id) VALUES (16,14);
INSERT INTO ltorder_has_quantity (order_id,quantity_id) VALUES (17,15);
INSERT INTO ltorder_has_quantity (order_id,quantity_id) VALUES (18,16);
INSERT INTO ltorder_has_quantity (order_id,quantity_id) VALUES (19,17);
INSERT INTO ltorder_has_quantity (order_id,quantity_id) VALUES (20,18);
INSERT INTO ltorder_has_quantity (order_id,quantity_id) VALUES (21,19);
INSERT INTO ltorder_has_quantity (order_id,quantity_id) VALUES (24,20);
INSERT INTO ltorder_has_quantity (order_id,quantity_id) VALUES (25,21);
INSERT INTO ltorder_has_quantity (order_id,quantity_id) VALUES (26,22);
INSERT INTO ltorder_has_quantity (order_id,quantity_id) VALUES (27,23);
INSERT INTO ltorder_has_quantity (order_id,quantity_id) VALUES (28,24);
INSERT INTO ltorder_has_quantity (order_id,quantity_id) VALUES (28,25);
INSERT INTO ltorder_has_quantity (order_id,quantity_id) VALUES (29,26);
INSERT INTO ltorder_has_quantity (order_id,quantity_id) VALUES (30,27);
INSERT INTO ltorder_has_quantity (order_id,quantity_id) VALUES (31,28);
INSERT INTO ltorder_has_quantity (order_id,quantity_id) VALUES (32,29);
INSERT INTO ltorder_has_quantity (order_id,quantity_id) VALUES (33,30);
INSERT INTO ltorder_has_quantity (order_id,quantity_id) VALUES (34,31);
INSERT INTO ltorder_has_quantity (order_id,quantity_id) VALUES (34,32);
INSERT INTO ltorder_has_quantity (order_id,quantity_id) VALUES (35,33);
INSERT INTO ltorder_has_quantity (order_id,quantity_id) VALUES (36,34);
INSERT INTO ltorder_has_quantity (order_id,quantity_id) VALUES (37,35);
INSERT INTO ltorder_has_quantity (order_id,quantity_id) VALUES (38,36);
INSERT INTO ltorder_has_quantity (order_id,quantity_id) VALUES (41,37);
INSERT INTO ltorder_has_quantity (order_id,quantity_id) VALUES (42,38);
INSERT INTO ltorder_has_quantity (order_id,quantity_id) VALUES (43,39);
INSERT INTO ltorder_has_quantity (order_id,quantity_id) VALUES (44,40);
INSERT INTO ltorder_has_quantity (order_id,quantity_id) VALUES (44,41);
INSERT INTO ltorder_has_quantity (order_id,quantity_id) VALUES (45,42);
INSERT INTO ltorder_has_quantity (order_id,quantity_id) VALUES (47,43);
INSERT INTO ltorder_has_quantity (order_id,quantity_id) VALUES (48,44);
INSERT INTO ltorder_has_quantity (order_id,quantity_id) VALUES (49,45);
INSERT INTO ltorder_has_quantity (order_id,quantity_id) VALUES (50,46);
INSERT INTO ltorder_has_quantity (order_id,quantity_id) VALUES (52,47);
INSERT INTO ltorder_has_quantity (order_id,quantity_id) VALUES (52,48);
INSERT INTO ltorder_has_quantity (order_id,quantity_id) VALUES (53,49);
INSERT INTO ltorder_has_quantity (order_id,quantity_id) VALUES (56,50);
INSERT INTO ltorder_has_quantity (order_id,quantity_id) VALUES (56,51);
INSERT INTO ltorder_has_quantity (order_id,quantity_id) VALUES (58,52);
INSERT INTO ltorder_has_quantity (order_id,quantity_id) VALUES (59,53);
INSERT INTO ltorder_has_quantity (order_id,quantity_id) VALUES (60,54);
INSERT INTO ltorder_has_quantity (order_id,quantity_id) VALUES (61,55);
INSERT INTO ltorder_has_quantity (order_id,quantity_id) VALUES (62,56);
INSERT INTO ltorder_has_quantity (order_id,quantity_id) VALUES (63,57);
INSERT INTO ltorder_has_quantity (order_id,quantity_id) VALUES (64,58);
INSERT INTO ltorder_has_quantity (order_id,quantity_id) VALUES (65,59);
INSERT INTO ltorder_has_quantity (order_id,quantity_id) VALUES (68,60);
INSERT INTO ltorder_has_quantity (order_id,quantity_id) VALUES (69,61);
INSERT INTO ltorder_has_quantity (order_id,quantity_id) VALUES (70,62);
INSERT INTO ltorder_has_quantity (order_id,quantity_id) VALUES (70,63);
INSERT INTO ltorder_has_quantity (order_id,quantity_id) VALUES (71,64);
INSERT INTO ltorder_has_quantity (order_id,quantity_id) VALUES (71,65);
INSERT INTO ltorder_has_quantity (order_id,quantity_id) VALUES (72,66);
INSERT INTO ltorder_has_quantity (order_id,quantity_id) VALUES (73,67);
INSERT INTO ltorder_has_quantity (order_id,quantity_id) VALUES (74,68);
INSERT INTO ltorder_has_quantity (order_id,quantity_id) VALUES (75,69);
INSERT INTO ltorder_has_quantity (order_id,quantity_id) VALUES (77,70);
INSERT INTO ltorder_has_quantity (order_id,quantity_id) VALUES (78,71);
INSERT INTO ltorder_has_quantity (order_id,quantity_id) VALUES (79,72);
INSERT INTO ltorder_has_quantity (order_id,quantity_id) VALUES (80,73);
INSERT INTO ltorder_has_quantity (order_id,quantity_id) VALUES (81,74);
INSERT INTO ltorder_has_quantity (order_id,quantity_id) VALUES (81,75);
INSERT INTO ltorder_has_quantity (order_id,quantity_id) VALUES (83,76);
INSERT INTO ltorder_has_quantity (order_id,quantity_id) VALUES (84,77);
INSERT INTO ltorder_has_quantity (order_id,quantity_id) VALUES (85,78);
INSERT INTO ltorder_has_quantity (order_id,quantity_id) VALUES (87,79);
INSERT INTO ltorder_has_quantity (order_id,quantity_id) VALUES (88,80);
INSERT INTO ltorder_has_quantity (order_id,quantity_id) VALUES (89,81);
INSERT INTO ltorder_has_quantity (order_id,quantity_id) VALUES (90,82);
INSERT INTO ltorder_has_quantity (order_id,quantity_id) VALUES (91,83);
INSERT INTO ltorder_has_quantity (order_id,quantity_id) VALUES (93,84);
INSERT INTO ltorder_has_quantity (order_id,quantity_id) VALUES (95,85);
INSERT INTO ltorder_has_quantity (order_id,quantity_id) VALUES (96,86);
INSERT INTO ltorder_has_quantity (order_id,quantity_id) VALUES (97,87);
INSERT INTO ltorder_has_quantity (order_id,quantity_id) VALUES (98,88);
INSERT INTO ltorder_has_quantity (order_id,quantity_id) VALUES (99,89);
INSERT INTO ltorder_has_quantity (order_id,quantity_id) VALUES (100,90);
